"","Patient","HLA.A1","HLA.A2","HLA.B1","HLA.B2","HLA.C1","HLA.C2"
"1","P001","HLA-A*02:05","HLA-A*02:05","HLA-B*55:01","HLA-B*08:01","HLA-C*12:03","HLA-C*12:03"
"2","P002","HLA-A*23:01","HLA-A*02:06","HLA-B*40:01","HLA-B*49:01","HLA-C*17:01","HLA-C*03:02"
"3","P004","HLA-A*03:01","HLA-A*02:05","HLA-B*40:01","HLA-B*13:02","HLA-C*04:01","HLA-C*06:02"
"4","P008","HLA-A*36:01","HLA-A*26:01","HLA-B*52:01","HLA-B*14:02","HLA-C*12:03","HLA-C*07:04"
"5","P010","HLA-A*26:01","HLA-A*68:01","HLA-B*27:05","HLA-B*27:02","HLA-C*04:01","HLA-C*05:01"
"6","P015","HLA-A*24:02","HLA-A*32:01","HLA-B*39:01","HLA-B*14:02","HLA-C*14:02","HLA-C*07:02"
"7","P017","HLA-A*23:01","HLA-A*02:05","HLA-B*35:03","HLA-B*35:01","HLA-C*05:01","HLA-C*03:04"
"8","P050","HLA-A*01:01","HLA-A*02:01","HLA-B*44:03","HLA-B*44:03","HLA-C*01:02","HLA-C*01:02"
"9","P055","HLA-A*33:01","HLA-A*02:07","HLA-B*40:02","HLA-B*35:03","HLA-C*07:01","HLA-C*03:03"
"10","P062","HLA-A*26:01","HLA-A*02:07","HLA-B*37:01","HLA-B*08:01","HLA-C*02:02","HLA-C*07:01"
"11","P083","HLA-A*68:01","HLA-A*31:01","HLA-B*49:01","HLA-B*45:01","HLA-C*12:02","HLA-C*15:02"
"12","P10","HLA-A*23:01","HLA-A*23:01","HLA-B*39:06","HLA-B*39:01","HLA-C*07:02","HLA-C*05:01"
"13","P113","HLA-A*68:01","HLA-A*29:02","HLA-B*50:01","HLA-B*51:08","HLA-C*03:04","HLA-C*12:03"
"14","P11","HLA-A*03:02","HLA-A*25:01","HLA-B*53:01","HLA-B*67:01","HLA-C*01:02","HLA-C*07:01"
"15","P12","HLA-A*02:07","HLA-A*01:01","HLA-B*13:02","HLA-B*51:01","HLA-C*04:01","HLA-C*14:02"
"16","P133","HLA-A*01:01","HLA-A*02:02","HLA-B*27:05","HLA-B*27:05","HLA-C*07:02","HLA-C*07:02"
"17","P138","HLA-A*32:01","HLA-A*29:02","HLA-B*52:01","HLA-B*51:01","HLA-C*04:01","HLA-C*03:02"
"18","P13","HLA-A*03:01","HLA-A*31:01","HLA-B*44:03","HLA-B*27:02","HLA-C*02:02","HLA-C*01:02"
"19","P14","HLA-A*32:01","HLA-A*02:07","HLA-B*39:06","HLA-B*39:06","HLA-C*14:02","HLA-C*17:01"
"20","P15","HLA-A*32:01","HLA-A*02:05","HLA-B*58:01","HLA-B*44:03","HLA-C*03:03","HLA-C*01:02"
"21","P164","HLA-A*26:01","HLA-A*02:02","HLA-B*55:01","HLA-B*40:02","HLA-C*07:01","HLA-C*08:02"
"22","P169","HLA-A*32:01","HLA-A*32:01","HLA-B*15:01","HLA-B*27:05","HLA-C*08:02","HLA-C*01:02"
"23","P16","HLA-A*02:02","HLA-A*02:02","HLA-B*14:02","HLA-B*07:02","HLA-C*15:02","HLA-C*03:04"
"24","P17","HLA-A*02:05","HLA-A*02:03","HLA-B*45:01","HLA-B*14:03","HLA-C*03:02","HLA-C*08:02"
"25","P182","HLA-A*36:01","HLA-A*02:02","HLA-B*35:03","HLA-B*38:01","HLA-C*08:02","HLA-C*01:02"
"26","P183","HLA-A*68:01","HLA-A*02:05","HLA-B*27:05","HLA-B*27:05","HLA-C*12:03","HLA-C*12:02"
"27","P18","HLA-A*25:01","HLA-A*02:03","HLA-B*50:01","HLA-B*27:05","HLA-C*02:02","HLA-C*05:01"
"28","P19","HLA-A*02:03","HLA-A*02:03","HLA-B*51:01","HLA-B*51:01","HLA-C*17:01","HLA-C*17:01"
"29","P1","HLA-A*68:02","HLA-A*02:05","HLA-B*15:18","HLA-B*51:08","HLA-C*12:03","HLA-C*17:01"
"30","P20","HLA-A*68:02","HLA-A*02:01","HLA-B*58:01","HLA-B*67:01","HLA-C*05:01","HLA-C*16:02"
"31","P21","HLA-A*68:01","HLA-A*32:01","HLA-B*58:01","HLA-B*55:01","HLA-C*02:02","HLA-C*14:02"
"32","P22","HLA-A*11:01","HLA-A*68:01","HLA-B*14:03","HLA-B*14:03","HLA-C*12:02","HLA-C*12:02"
"33","P23","HLA-A*32:01","HLA-A*02:03","HLA-B*14:01","HLA-B*15:18","HLA-C*12:03","HLA-C*14:02"
"34","P24","HLA-A*03:02","HLA-A*68:02","HLA-B*35:01","HLA-B*27:02","HLA-C*15:02","HLA-C*16:01"
"35","P25","HLA-A*02:05","HLA-A*02:05","HLA-B*49:01","HLA-B*57:01","HLA-C*06:02","HLA-C*06:02"
"36","P26","HLA-A*02:01","HLA-A*02:02","HLA-B*14:03","HLA-B*40:02","HLA-C*03:04","HLA-C*15:02"
"37","P27","HLA-A*36:01","HLA-A*32:01","HLA-B*39:01","HLA-B*15:01","HLA-C*03:02","HLA-C*01:02"
"38","P28","HLA-A*02:03","HLA-A*02:03","HLA-B*14:02","HLA-B*14:02","HLA-C*07:02","HLA-C*07:02"
"39","P29","HLA-A*32:01","HLA-A*02:07","HLA-B*56:01","HLA-B*14:01","HLA-C*14:02","HLA-C*15:02"
"40","P2A","HLA-A*33:01","HLA-A*11:01","HLA-B*58:01","HLA-B*35:03","HLA-C*12:02","HLA-C*12:02"
"41","P2B","HLA-A*36:01","HLA-A*03:01","HLA-B*58:01","HLA-B*13:02","HLA-C*02:02","HLA-C*02:02"
"42","P30","HLA-A*30:02","HLA-A*26:01","HLA-B*14:01","HLA-B*14:03","HLA-C*03:03","HLA-C*03:04"
"43","P31","HLA-A*01:01","HLA-A*23:01","HLA-B*44:03","HLA-B*18:01","HLA-C*17:01","HLA-C*03:02"
"44","P32","HLA-A*68:02","HLA-A*68:02","HLA-B*45:01","HLA-B*15:01","HLA-C*03:02","HLA-C*03:03"
"45","P33","HLA-A*11:01","HLA-A*11:01","HLA-B*07:02","HLA-B*13:02","HLA-C*08:02","HLA-C*07:01"
"46","P34","HLA-A*23:01","HLA-A*23:01","HLA-B*15:01","HLA-B*35:08","HLA-C*05:01","HLA-C*03:02"
"47","P35","HLA-A*02:01","HLA-A*11:01","HLA-B*51:01","HLA-B*51:08","HLA-C*07:04","HLA-C*12:03"
"48","P36","HLA-A*02:06","HLA-A*02:05","HLA-B*47:01","HLA-B*14:01","HLA-C*07:04","HLA-C*04:01"
"49","P37","HLA-A*23:01","HLA-A*03:02","HLA-B*44:03","HLA-B*57:01","HLA-C*14:02","HLA-C*05:01"
"50","P38","HLA-A*02:01","HLA-A*02:01","HLA-B*13:02","HLA-B*47:01","HLA-C*15:02","HLA-C*15:02"
"51","P39A","HLA-A*25:01","HLA-A*25:01","HLA-B*39:01","HLA-B*50:01","HLA-C*14:02","HLA-C*07:02"
"52","P39B","HLA-A*02:03","HLA-A*02:03","HLA-B*58:01","HLA-B*58:01","HLA-C*17:01","HLA-C*17:01"
"53","P3","HLA-A*26:01","HLA-A*02:07","HLA-B*58:01","HLA-B*58:01","HLA-C*07:01","HLA-C*15:02"
"54","P40","HLA-A*29:02","HLA-A*24:02","HLA-B*15:18","HLA-B*44:02","HLA-C*07:04","HLA-C*07:04"
"55","P41","HLA-A*23:01","HLA-A*29:02","HLA-B*35:03","HLA-B*47:01","HLA-C*12:03","HLA-C*03:02"
"56","P42","HLA-A*30:02","HLA-A*26:01","HLA-B*15:01","HLA-B*57:01","HLA-C*14:02","HLA-C*17:01"
"57","P43","HLA-A*33:01","HLA-A*33:01","HLA-B*52:01","HLA-B*52:01","HLA-C*08:02","HLA-C*08:02"
"58","P44","HLA-A*02:07","HLA-A*11:01","HLA-B*57:01","HLA-B*51:01","HLA-C*05:01","HLA-C*03:04"
"59","P45","HLA-A*02:03","HLA-A*68:01","HLA-B*53:01","HLA-B*40:01","HLA-C*03:04","HLA-C*03:04"
"60","P46","HLA-A*68:02","HLA-A*03:01","HLA-B*67:01","HLA-B*40:01","HLA-C*07:01","HLA-C*15:02"
"61","P47","HLA-A*03:02","HLA-A*68:02","HLA-B*27:05","HLA-B*51:01","HLA-C*04:01","HLA-C*04:01"
"62","P48","HLA-A*33:01","HLA-A*33:01","HLA-B*47:01","HLA-B*35:08","HLA-C*16:02","HLA-C*03:02"
"63","P49","HLA-A*03:01","HLA-A*02:05","HLA-B*27:02","HLA-B*58:01","HLA-C*07:04","HLA-C*14:02"
"64","P4","HLA-A*36:01","HLA-A*36:01","HLA-B*53:01","HLA-B*55:01","HLA-C*08:02","HLA-C*03:04"
"65","P50","HLA-A*02:02","HLA-A*02:02","HLA-B*44:03","HLA-B*52:01","HLA-C*02:02","HLA-C*02:02"
"66","P51","HLA-A*02:05","HLA-A*23:01","HLA-B*35:01","HLA-B*35:08","HLA-C*16:02","HLA-C*07:02"
"67","P52","HLA-A*68:02","HLA-A*33:03","HLA-B*37:01","HLA-B*38:01","HLA-C*07:02","HLA-C*03:04"
"68","P53","HLA-A*01:01","HLA-A*01:01","HLA-B*15:18","HLA-B*14:01","HLA-C*08:02","HLA-C*08:02"
"69","P54","HLA-A*02:07","HLA-A*03:02","HLA-B*57:01","HLA-B*49:01","HLA-C*03:02","HLA-C*05:01"
"70","P55","HLA-A*11:01","HLA-A*11:01","HLA-B*51:01","HLA-B*14:01","HLA-C*06:02","HLA-C*14:02"
"71","P56","HLA-A*01:01","HLA-A*29:02","HLA-B*14:02","HLA-B*38:01","HLA-C*07:04","HLA-C*16:02"
"72","P57","HLA-A*02:02","HLA-A*02:06","HLA-B*45:01","HLA-B*45:01","HLA-C*05:01","HLA-C*07:04"
"73","P58","HLA-A*68:02","HLA-A*68:02","HLA-B*51:01","HLA-B*27:02","HLA-C*05:01","HLA-C*05:01"
"74","P59","HLA-A*02:06","HLA-A*02:06","HLA-B*47:01","HLA-B*47:01","HLA-C*03:04","HLA-C*03:04"
"75","P5","HLA-A*02:07","HLA-A*24:02","HLA-B*50:01","HLA-B*14:02","HLA-C*03:02","HLA-C*03:02"
"76","P6","HLA-A*11:01","HLA-A*26:01","HLA-B*27:05","HLA-B*27:05","HLA-C*15:02","HLA-C*15:02"
"77","P7","HLA-A*11:01","HLA-A*11:01","HLA-B*40:02","HLA-B*40:02","HLA-C*03:03","HLA-C*03:03"
"78","P8","HLA-A*68:01","HLA-A*68:01","HLA-B*08:01","HLA-B*45:01","HLA-C*05:01","HLA-C*01:02"
"79","P9","HLA-A*02:02","HLA-A*68:01","HLA-B*15:18","HLA-B*57:01","HLA-C*14:02","HLA-C*17:01"
