"","Peptide","ID","nM","nM.1","nM.2","nM.3","nM.4","Thalf.h.","Thalf.h..1","Thalf.h..2","Thalf.h..3","Thalf.h..4","gene_id","expression","WT_Peptide","WT_ID","WT_nM","WT_nM.1","WT_nM.2","WT_nM.3","WT_nM.4","dist","Peptide.1","TAP","Cle","R","Hydrophobic_mutant","min_kd","min_stab","min_WT_kd","sequence_similarity","CCF","EC","prime","prime_binding","calis_TCR"
"1","RITDEFIKK","chr1:145942747",28093.082,161.1231,39569.3906,30188.2656,19366.8164,0.1578,4.4913,0.132,0.1031,0.1302,"ENSG00000271601",5.58084845826802,"RITDEFIEK","WT_chr1_1459427",23711.9082,219.0641,39415.1484,27953.6152,13362.376,1,"RITDEFIKK",0.933,0.969156,0,0,161.1231,4.4913,219.0641,76,0.207731861457042,0.901629702284584,0.005,0.009,0.22894
"2","KNSRATEEK","chr1:154501641",43276.1133,12389.0449,39816.3359,38706.0039,35972.1367,0.0978,0.456,0.1052,0.0693,0.1193,"ENSG00000169291",1.35571068456151,"KNSRATEEE","WT_chr1_1545016",44887.5586,40099.9492,43441.2305,44111.4375,42675.3633,1,"KNSRATEEK",0.496,0.44372,8.41858691761815e-07,0,12389.0449,0.456,40099.9492,77,0.383051659424333,1.12361189004339,3.851,2.24,0.21602
"3","IIPHMLYGL","chr1:159314408",216.6034,29154.9375,41408.1367,19752.8262,1861.2174,1.8336,0.1459,0.1634,0.1605,0.1449,"ENSG00000196266",0,"IIPHMLSGL","WT_chr1_1593144",1157.4767,28941.2285,42818.2734,19678.3809,1656.5637,1,"IIPHMLYGL",1.245,0.871616,0.00743864589107635,2,216.6034,1.8336,1157.4767,73,0.900171399647182,10.6696679823421,0.188,0.846,-0.13581
"4","RIIEQLNRV","chr1:206493990",19.5258,16294.4326,36076.5898,19783.1934,595.3081,10.5283,0.2171,0.2111,0.2403,0.2019,"ENSG00000263528",14.8569619838607,"RIIERLNRV","WT_chr1_2064939",27.3126,12008.4199,36297.4336,16798.5449,361.8379,1,"RIIEQLNRV",0.897,0.88348,0,0,19.5258,10.5283,27.3126,73,0.127083021126661,2.38553602374311,0.175,0.031,0.04549
"5","QMLSKEDAI","chr1:226377234",2122.1995,33817.7422,31772.4141,26918.9121,7141.5835,0.5126,0.116,0.1597,0.1547,0.1256,"ENSG00000143799",84.9967403156587,"QMPSKEDAI","WT_chr1_2263772",12675.8242,39760.8047,41109.0625,26043.1035,11044.6904,1,"QMLSKEDAI",0.52,0.383796,0,1,2122.1995,0.5126,12675.8242,71,0.125241238211782,12.603631249099,2.995,0.823,-0.24424
"6","SVSAACPEM","chr1:2406868",6230.5503,20998.9277,30291.9961,20160.2695,272.4922,0.6097,0.2281,0.3289,0.2027,0.3379,"ENSG00000157911",1.76929341282809,"SVSAACPER","WT_chr1_2406868",30638.0977,4208.8213,38575.1289,30358.5879,21145.9961,1,"SVSAACPEM",0.502,0.895792,0,1,272.4922,0.3379,21145.9961,74,0.189509768346775,7.2620837830504,0.774,0.349,0.02216
"7","KTCQGTELL","chr10:31817876",7438.1909,25544.6602,37302.7344,29893.7871,1201.2144,0.6987,0.4697,0.5691,0.1492,0.198,"ENSG00000165322",29.0475588444271,"KTRQGTELL","WT_chr10_318178",15664.6611,17181.4414,39151.625,18385.6855,106.9752,1,"KTCQGTELL",1.097,0.794417,0,1,1201.2144,0.198,106.9752,66,0.432082271830647,12.4987125319434,1.57,1.848,0.0135
"8","ALRELARTM","chr10:49662701",6906.688,14457.9316,25144.8516,20335.9648,326.5388,0.2439,0.188,0.1792,0.1582,0.2513,"ENSG00000070748",0,"ALRELARAM","WT_chr10_496627",7427.894,14173.5566,25159.8223,19600.3867,388.017,1,"ALRELARTM",0.565,0.954826,0,0,326.5388,0.2513,388.017,73,0.40007617762097,1.32321664818702,0.184,0.122,0.20994
"9","CVGFPQHSR","chr11:26686478",31164.3359,2458.8906,40598.5195,32098.9551,24378.416,0.1232,0.1932,0.1118,0.0839,0.1645,"ENSG00000148942",0.110166502180865,"CAGFPQHSR","WT_chr11_266864",33902.7344,8636.4795,38963.1406,32644.6426,17322.7422,1,"CVGFPQHSR",1.412,0.833674,0.00743864589107635,1,2458.8906,0.1932,8636.4795,87,0.240045706572582,3.55340312961697,0.83,1.737,-0.0604
"10","NLQPNRHLA","chr11:5696437",6308.2842,31354.7637,35056.1211,24063.9336,13713.9053,0.6503,0.1729,0.1562,0.1417,0.1702,"ENSG00000132274",68.8792391470302,"NLRPNRHLA","WT_chr11_569643",14843.2676,25641.8594,39372.0859,29027.1562,13453.7656,1,"NLQPNRHLA",-0.541,0.708925,0,0,6308.2842,0.6503,14843.2676,81,0.210429677839601,1.66771760795037,1.152,0.957,0.01448
"11","LTVHQQLTL","chr11:66422517",8555.6533,22174.8711,37140.4414,25551.2988,166.9457,0.4677,0.1791,0.3822,0.1933,0.2537,"ENSG00000174576",0.14937025385558,"LTVRQQLTL","WT_chr11_664225",12860.7979,23300.418,37525.3945,26490.9824,203.655,1,"LTVHQQLTL",0.992,0.91701,0,0,166.9457,0.2537,203.655,71,0.282406713614802,2.53503397802926,1.923,1.45,-0.16257
"12","QQRKGADAL","chr11:800185",23618.9629,33597.082,24740.3203,23710.6387,3142.083,0.1538,0.1204,0.2663,0.1375,0.1989,"ENSG00000177595",1.0783977502758,"RQRKGADAL","WT_chr11_800185",15082.8682,23090.3516,26338.3652,15191.4512,612.5713,1,"QQRKGADAL",1.246,0.614622,0,0,3142.083,0.1989,612.5713,74,0.138487907638028,0.599859398221333,17.65,10.518,-0.08879
"13","ILIMVNSKL","chr12:10809221",166.6425,20243.3242,32281.4531,20669.8125,1309.552,2.1008,0.1427,0.2745,0.2306,0.2272,"ENSG00000121381",0.0619481285370043,"ILIMGNSKL","WT_chr12_108092",231.139,21291.3066,34271.5391,18108.6895,974.0003,1,"ILIMVNSKL",0.961,0.96735,0,1,166.6425,2.1008,231.139,66,0.583894961933307,14.6284284874351,0.879,0.713,-0.36501
"14","VSFILNIVL","chr12:110651306",5973.4946,23374.4062,33996.0234,26595.8125,120.1196,0.2519,0.1154,0.468,0.1662,0.2119,"ENSG00000122986",2.58287414015132,"VSFILDIVL","WT_chr12_110651",6569.291,27164.3867,34976.5664,27982.0605,175.2639,1,"VSFILNIVL",1.216,0.888958,4.20929523062496e-07,0,120.1196,0.2119,175.2639,69,0.232302296683144,2.32761932094996,0.161,0.461,0.29147
"15","FLDQVMVLP","chr12:51462388",901.5691,34037.9922,41478.9922,30623.1836,25162.5488,0.5428,0.1176,0.1669,0.0929,0.0979,"ENSG00000050438",1.05247045163825,"FLDQVTVLP","WT_chr12_514623",852.7432,33418.7148,39684.7461,23275.2188,18437.4785,1,"FLDQVMVLP",-0.314,0.055709,0,1,901.5691,0.5428,852.7432,74,0.134353940245848,5.62571044576748,0.36,0.582,-0.2061
"16","ILDECQNLM","chr12:57187436",50.0123,20117.5527,31496.2031,1808.2966,1327.2266,0.8731,0.1684,0.3684,0.1411,0.1644,"ENSG00000123384",107.870969752768,"VLDECQNLM","WT_chr12_571874",100.3695,21309.2891,31721.5762,2347.0339,1848.2931,1,"ILDECQNLM",0.066,0.927919,0,1,50.0123,0.8731,100.3695,88,0.391378869411818,0.304927721955373,0.08,0.017,-0.06553
"17","KLRHARGRK","chr13:102875874",36109.0156,87.7676,42685.5195,32483.9629,34210.4141,0.1649,2.3237,0.0916,0.1008,0.1361,"ENSG00000134899",72.7484643260764,"KLRRARGRK","WT_chr13_102875",36854.6211,102.1265,41861.7773,32234.6875,33937.2305,1,"KLRHARGRK",0.772,0.772565,0,0,87.7676,2.3237,102.1265,74,0.286418172615012,2.53503397802926,1.044,0.48,0.19501
"18","AEIRHEVSI","chr13:19835670",22124.0625,35337.9258,126.8696,27086.8906,16008.7109,0.3117,0.0953,1.0866,0.1179,0.1087,"ENSG00000132950",28.3924973886778,"AEIRHEVSV","WT_chr13_198356",17935.5371,36299,271.2832,27633.0469,19091.7754,1,"AEIRHEVSI",0.952,0.123597,0,1,126.8696,1.0866,271.2832,80,0.251210623157353,0.696957462725113,0.066,0.081,0.15921
"19","LGKDNLEEL","chr15:40573979",26046.7637,41697.6875,42446.0078,22555.0195,810.3572,0.191,0.1183,0.1564,0.1504,0.1893,"ENSG00000166133",2.34394546622367,"LGKDDLEEL","WT_chr15_405739",28629.7832,42925.8828,43344.5156,28385.7988,3074.5872,1,"LGKDNLEEL",0.523,0.912712,0,0,810.3572,0.1893,3074.5872,74,0.360068559858873,2.66850859553208,2.232,1.617,0.07858
"20","RADLPHIPF","chr15:77114516",21881.0098,22297.0918,24583.4219,3664.9268,57.6349,0.1758,0.1636,0.6114,0.127,0.2855,"ENSG00000173517",12.5064111472065,"RADLPRIPF","WT_chr15_771145",24757.9902,22310.6133,27812.1172,5262.2998,53.7184,1,"RADLPHIPF",2.665,0.958923,1.77181812547669e-13,0,57.6349,0.2855,53.7184,78,0.218223369611438,3.12268437441589,0.244,0.61,0.12153
"21","SNVEAIRSW","chr15:99132782",36841.8594,36967.2383,1702.9966,32941.9688,7798.7539,0.1182,0.0947,0.3425,0.0935,0.1267,"ENSG00000182253",54.519550448837,"SNVEAIRSR","WT_chr15_991327",37982.8867,24543.5645,33174.8203,38260.8945,24768.9766,1,"SNVEAIRSW",0.986,0.775856,0,2,1702.9966,0.3425,33174.8203,66,0.283199990900237,7.7194369945697,0.299,0.298,0.22455
"22","LLEWARSGL","chr16:10866506",1991.2819,28608.0977,39193.5859,11633.7021,3677.5984,0.4525,0.1266,0.1441,0.1589,0.1794,"ENSG00000179583",40.8826131489687,"LLGWARSGL","WT_chr16_108665",1160.5989,22601.1914,38807.9102,19411.7188,3489.8152,1,"LLEWARSGL",0.988,0.957201,0.999999996845563,0,1991.2819,0.4525,1160.5989,71,0.14797338076392,7.76325705209898,1.92,1.622,0.22239
"23","QIYDKGYLK","chr16:70262383",18256.6367,30.0663,34261.5273,23144.6348,13157.0723,0.144,2.9788,0.1225,0.1021,0.1266,"ENSG00000090861",103.144377722191,"QIYDEGYLK","WT_chr16_702623",19161.0977,113.1028,33569.1211,27814.8262,17205.0605,1,"QIYDKGYLK",0.763,0.824495,4.20929523062496e-07,0,30.0663,2.9788,113.1028,80,0.208735397019636,1.95498520243361,0.039,0.048,-0.16658
"24","PLQQQQQCK","chr16:72788581",41726.1211,11843.3857,45309.6289,43481.6758,44075.6641,0.1186,0.5561,0.0906,0.0761,0.0917,"ENSG00000140836",14.9827333830242,"PLQQQQQRK","WT_chr16_727885",42164.0664,10540.5527,45270.4336,43586.707,44947.3477,1,"PLQQQQQCK",0.02,0.87904,0,1,11843.3857,0.5561,10540.5527,77,0.308630194164748,8.24543324963918,43.718,5.69,-0.50526
"25","RYKEQEPYL","chr17:18119562",23463.0918,28818.4355,39835.7266,7079.2656,1750.1079,0.2661,0.1598,0.1636,0.2045,0.1515,"ENSG00000091536",0.307566967307291,"RYEEQEPYL","WT_chr17_181195",19729.7578,35108.5,41152.6719,1466.5364,2847.0864,1,"RYKEQEPYL",1.438,0.973371,0.00744030465109531,0,1750.1079,0.1515,2847.0864,85,0.276975815276056,1.36672144663955,0.902,0.629,0.00068
"26","REMQRSAQL","chr17:43028585",18464.4297,27158.2031,288.7186,15617.7764,3103.9692,0.5378,0.1478,2.5199,0.1815,0.195,"ENSG00000108830",0,"RGMQRSAQL","WT_chr17_430285",17681.3926,19113.8887,32383.25,12256.6475,45.0787,1,"REMQRSAQL",1.26,0.972054,0,0,288.7186,2.5199,32383.25,73,0.580755741707859,5.08647651615279,0.888,0.167,-0.31355
"27","LSDMESDSM","chr19:16501138",23654.0078,35128.2695,38435.9922,14748.6494,2021.324,0.1135,0.095,0.2156,0.1062,0.1326,"ENSG00000105072",5.29259251888011,"LSDTESDSM","WT_chr19_165011",27228.8262,36732.8008,39288.6875,17082.6348,3608.6965,1,"LSDMESDSM",0.314,0.56837,0.00743864589107635,1,2021.324,0.1326,3608.6965,75,0.204584409010723,4.56702164567699,0.718,0.789,-0.30567
"28","KSHECLQCR","chr19:36719732",34959.5391,5785.5308,36414.2422,33138.2344,17822.5625,0.1975,0.9558,0.2642,0.1002,0.225,"ENSG00000189042",8.34993631608092,"KSYECLQCR","WT_chr19_367197",26239.0996,827.8335,31701.0039,28438.9727,9728.2461,1,"KSHECLQCR",1.495,0.49284,0.999943837212492,0,5785.5308,0.9558,827.8335,87,0.237781124435105,5.39927008858867,2.624,1.088,-0.08095
"29","SVFKFLAFK","chr19:44988151",7979.5352,9.3182,24102.498,22974.2266,5326.2837,0.2138,5.0732,0.1881,0.1325,0.1613,"ENSG00000104853",31.7879553433716,"SVFEFLAFK","WT_chr19_449881",3392.3857,14.0347,21568.623,20073.4102,2845.6711,1,"SVFKFLAFK",0.745,0.584059,0,0,9.3182,5.0732,14.0347,76,0.461626358793426,1.38433919904735,0.005,0.023,0.02598
"30","EEWACHVGP","chr19:49882826",34321.2617,40494.1055,1589.5248,42606.6133,45291.0195,0.1033,0.0985,0.1916,0.0701,0.0752,"ENSG00000104946",12.0046464841555,"EEWARHVGP","WT_chr19_498828",40430.6172,41828.2578,4479.5161,43386.2695,45452.5117,1,"EEWACHVGP",-0.23,0.169169,0,1,1589.5248,0.1916,4479.5161,79,0.360068559858873,17.8784039055656,0.784,0.982,0.14386
"31","SANVRQGEF","chr2:74530946",37129.9961,24352.5684,24610.832,17902.7754,205.3255,0.1228,0.1324,0.2551,0.1416,0.2345,"ENSG00000115317",16.5098677787058,"SADVRQGEF","WT_chr2_7453094",33462.4961,30331.0156,29980.2793,6405.542,415.4015,1,"SANVRQGEF",2.678,0.560303,0,0,205.3255,0.2345,415.4015,77,0.223490830257231,1.86554247240116,0.238,0.044,0.0679
"32","WLFDTKHDV","chr21:41751127",15.4406,27559.5977,32115.2715,18283.123,1955.9839,2.978,0.1327,0.1677,0.1539,0.1259,"ENSG00000183421",6.10295820241074,"RLFDTKHDV","WT_chr21_417511",54.213,16113.1484,33408.9531,22105.6504,1238.4969,1,"WLFDTKHDV",0.473,0.954612,0,2,15.4406,2.978,54.213,72,0.480091413145164,3.37735150769246,0.535,0.409,-0.06462
"33","RLGCHGGGL","chr22:25709899",4080.0015,17122.9824,36813.1719,17940.7773,5498.7915,0.4836,0.2565,0.1916,0.1375,0.1824,"ENSG00000100077",17.3587406009218,"RLGCHGGGS","WT_chr22_257098",23548.543,20853.3535,41056.6055,37205.1914,36507.3555,1,"RLGCHGGGL",0.85,0.816767,0.5,1,4080.0015,0.4836,23548.543,75,0.17928724972226,6.87764357392087,8.858,6.745,0.06855
"34","SLVNASSLL","chr3:124430722",240.5903,14883.1436,24177.9883,16203.7148,697.3793,1.1565,0.1852,0.302,0.1585,0.1763,"ENSG00000160145",5.60729467785238,"SLVNASSLS","WT_chr3_1244307",8893.6514,17381.3125,32325.8477,36376.0508,24246.6152,1,"SLVNASSLL",1.176,0.977269,0,1,240.5903,1.1565,8893.6514,64,0.323657132457414,6.87764357392087,0.51,0.601,-0.25684
"35","GLDTRDLLL","chr3:126157440",250.8893,22971.5,36714.918,5786.4077,6098.8887,0.7128,0.1724,0.2497,0.1093,0.115,"ENSG00000144908",0.0839227272245764,"GLDTGDLLL","WT_chr3_1261574",75.5835,25877.6582,35119.9141,6705.5918,7441.0068,1,"GLDTRDLLL",0.48,0.969561,0,0,250.8893,0.7128,75.5835,64,0.240045706572582,13.7731857174365,0.463,0.434,0.1017
"36","LPPPHLPPM","chr3:47818066",16515.2363,30167.0508,38468.0312,13251.2266,509.4647,0.2571,0.1103,0.1832,0.3783,0.3808,"ENSG00000132153",13.9682790490856,"LPPPRLPPM","WT_chr3_4781806",18217.5664,30143.8887,40514.2734,14423.7158,552.417,1,"LPPPHLPPM",0.09,0.974108,0,0,509.4647,0.3808,552.417,87,0.502421246314706,3.58001414546672,1.879,3.586,-0.00954
"37","VSTDCEDFF","chr3:49910299",30705.7871,35308.1328,29309.6191,28542.8594,5665.1104,0.1606,0.1156,0.3761,0.101,0.1299,"ENSG00000164077",1.67866852810512,"VSTDREDFF","WT_chr3_4991029",33292.4023,32717.4824,35165.5352,24454.4863,2114.384,1,"VSTDCEDFF",2.649,0.182186,0,1,5665.1104,0.1299,2114.384,70,0.192036565258065,17.8784039055656,0.364,0.358,0.16379
"38","HVFDTFIRL","chr3:57421644",189.6437,11962.5137,26663.5293,13514.8994,50.2445,1.0716,0.1802,0.3824,0.2179,0.2305,"ENSG00000174844",0.351557379394633,"RVFDTFIRL","WT_chr3_5742164",104.6919,4926.4111,26945.7109,10756.9258,27.1197,1,"HVFDTFIRL",1.246,0.97711,0,0,50.2445,0.2305,27.1197,74,0.216041135915324,0.900219116185848,0.057,0.163,0.35088
"39","FTSLLSAAI","chr5:119133227",254.2807,25536.9336,28411.6035,12698.0625,68.1606,0.5895,0.1263,0.3136,0.298,0.2912,"ENSG00000172869",36.4469097224283,"FTSLSSAAI","WT_chr5_1191332",714.6346,25482.2832,31203.4727,12183.7959,61.0689,1,"FTSLLSAAI",0.468,0.445361,0,1,68.1606,0.2912,61.0689,64,0.369301087034741,11.9664908619903,1.301,1.963,-0.17551
"40","LLDTQTLEV","chr5:1264433",16.8203,19562.0469,33868.2695,3534.6587,1863.4537,4.6145,0.1749,0.1679,0.1605,0.1301,"ENSG00000164362",0.387793137392824,"LLDTRTLEV","WT_chr5_1264433",29.4915,17195.0098,34614.7656,2501.2341,1086.1432,1,"LLDTQTLEV",0.21,0.977255,0,0,16.8203,4.6145,29.4915,70,0.514383656941247,2.38553602374311,0.093,0.052,0.01914
"41","KPKKAAPNK","chr6:26055795",42800.1914,12689.6797,41643.5898,36520.7773,29807.8691,0.0875,0.2313,0.125,0.1171,0.2174,"ENSG00000187837",240.784849215196,"KPKKAAPKK","WT_chr6_2605579",43716.1172,16766.9395,42011.5,38136.0703,31233.5312,1,"KPKKAAPNK",0.312,0.958214,0,0,12689.6797,0.2313,16766.9395,79,0.236408650412391,1.77127535959387,2.646,1.098,-0.22521
"42","VRCGGRVSL","chr6:72097124",29641.916,33230.4961,38642.4062,26631.8047,4824.7593,0.1566,0.1291,0.3666,0.1022,0.1239,"ENSG00000079841",0.00499925466454398,"ARCGGRVSL","WT_chr6_7209712",27186.4336,31617.0684,32773.1055,25297.4023,5595.8438,1,"VRCGGRVSL",1.225,0.973853,0,1,4824.7593,0.1239,5595.8438,75,0.955283934319458,1.95073536163746,2.287,1.407,0.0365
"43","SLNSTEPPP","chr7:105112383",14149.0449,32667.9551,36166.8828,41061.9258,34889.625,0.2051,0.1501,0.1339,0.0833,0.1114,"ENSG00000005483",134.286527564362,"SLNSTAPPP","WT_chr7_1051123",10813.167,24956.7539,29820.7891,38065.5742,27564.9648,1,"SLNSTEPPP",0.034,0.057678,0.999999996845386,0,14149.0449,0.2051,10813.167,79,0.24274284934306,9.83182506918769,13.18,15.906,-0.05236
"44","KSSPAGNSL","chr7:94664520",16453.1641,20327.8223,34046.8398,12119.3711,24.8363,0.1808,0.2069,0.336,0.1764,0.3077,"ENSG00000242265",0.678586227263175,"KSSPAGNSP","WT_chr7_9466452",39162.2031,30855.6602,39876.2617,38270,18286.084,1,"KSSPAGNSL",1.152,0.969639,0,1,24.8363,0.3077,18286.084,70,0.288054847887098,10.3617236445877,0.6,0.288,-0.09698
"45","QVWPRGENL","chr8:19844142",5268.0518,25478.7012,31719.8594,20964.4238,426.3437,0.337,0.1632,0.1614,0.1747,0.2248,"ENSG00000104613",25.6782883980011,"QEWPRGENL","WT_chr8_1984414",25538.0371,37323.7188,469.8164,24709.291,19563.7383,1,"QVWPRGENL",1.229,0.941643,0.500000000788653,1,426.3437,0.2248,19563.7383,83,0.269210138212241,7.31010803510229,4.197,1.116,0.22376
"46","SSHSVALMM","chr9:129048537",18987.332,12267.2598,23215.8672,20693.9805,67.1642,0.2051,0.2091,0.5198,0.1293,0.2129,"ENSG00000148343",2.46510693144966,"SSHSVASMM","WT_chr9_1290485",26322.9805,17472.7637,27368.2402,22127.4297,111.3808,1,"SSHSVALMM",0.398,0.8943,0,1,67.1642,0.2129,111.3808,74,0.696906890049431,9.79896731862514,0.129,0.262,-0.1909
"47","RVAAAATEA","chrX:153803831",7398.9404,13587.7686,33466.4883,27946.3516,1444.1296,0.8603,0.7282,0.2691,0.1738,0.269,"ENSG00000067840",0.25036119950546,"GVAAAATEA","WT_chrX_1538038",8411.9102,26596.3965,34417.5898,35347.8672,10882.418,1,"RVAAAATEA",-0.166,0.614286,0,0,1444.1296,0.269,10882.418,61,0.525792639838712,3.46336203428544,2.92,2.393,0.21826
"48","SIYLCQHGE","chrX:54951977",17059.5488,7034.4473,37006.4531,33868.2695,24457.1367,0.1219,0.1891,0.1154,0.0806,0.0983,"ENSG00000158571",0.900866662223257,"SIYLCRHGE","WT_chrX_5495197",19416.5527,5929.1919,37482.7773,31612.623,19816.8281,1,"SIYLCQHGE",-1.065,0.027668,0.5,0,7034.4473,0.1891,5929.1919,83,0.262896319919356,2.08079514863975,8.789,6.135,-0.1268
