"","Peptide","ID","nM","nM.1","nM.2","nM.3","nM.4","Thalf.h.","Thalf.h..1","Thalf.h..2","Thalf.h..3","Thalf.h..4","gene_id","expression","WT_Peptide","WT_ID","WT_nM","WT_nM.1","WT_nM.2","WT_nM.3","WT_nM.4","dist","Peptide","TAP","Cle","R","Hydrophobic_mutant","min_kd","min_stab","min_WT_kd","sequence_similarity","CCF"
"1","ILGGSVTLL","chr1:160799824",77.0609,37560.3047,31525.873,1764.3279,1348.9707,1.7875,0.2957,0.1424,0.1041,0.1556,"ENSG00000122224",0.77618539759232,"ILGGSVTLP","WT_chr1_1607998",8673.4639,41585.0312,43590.9492,35749.4258,34889.625,1,"ILGGSVTLL","0.604000","0.924353",0,1,77.0609,1.7875,8673.4639,61,0.14914406754001
"2","SSSSGLRNF","chr1:215680246",33076.6172,19064.5234,29865.6719,1412.3289,266.0047,0.1629,0.322,0.1145,0.1123,0.1666,"ENSG00000042781",0.0184837580838919,"SSPSGLRNF","WT_chr1_2156802",34549.2891,29685.2461,30170.6309,871.8782,786.1668,1,"SSSSGLRNF","2.457000","0.415150",0,0,266.0047,0.1666,786.1668,73,0.141944009107044
"3","VSSPPCAAV","chr1:2303940",2486.5002,34990.5742,10386.3574,1405.8641,193.0451,0.6095,0.3008,0.389,0.2067,0.3201,"ENSG00000157933",8.77174303369989,"VSSPPCAAA","WT_chr1_2303940",9146.6064,35632.0391,25217.0508,6104.1694,1411.5804,1,"VSSPPCAAV","0.444000","0.959385",0,1,193.0451,0.3201,1411.5804,78,0.13333374235909
"4","IIDAVATFF","chr1:248145640",3737.1235,28061.1953,23232.7031,678.3129,373.8606,0.484,0.3563,0.1374,0.1149,0.1995,"ENSG00000162727",0,"IIDAVATFS","WT_chr1_2481456",9036.4316,41311.4727,41183.8398,22914.4023,18629.9844,1,"IIDAVATFF","2.274000","0.574767",0,2,373.8606,0.1995,18629.9844,65,0.309037257064886
"5","MYLRELVRL","chr10:69376964",16152.4238,32824.2109,25660.7344,56.0695,2055.1978,0.3999,0.2145,0.1582,0.109,0.1217,"ENSG00000156515",204.264807669046,"MYLGELVRL","WT_chr10_693769",10143.0381,32505.7578,25270.043,41.6822,1408.9865,1,"MYLRELVRL","1.254000","0.894268",0,0,56.0695,0.109,41.6822,70,0.0946293394046961
"6","FSQHCGAAY","chr11:1162019",22056.9043,19338.7598,25064.1758,92.2584,158.7988,0.1735,0.48,0.1437,0.1832,0.3729,"ENSG00000215182",0,"FSEHCGAAY","WT_chr11_116201",26423.4316,24569.0625,29940.4004,292.7323,581.2045,1,"FSQHCGAAY","2.885000","0.683683",0,0,92.2584,0.1832,292.7323,86,0.228030844661336
"7","LVVVGADGV","chr11:534287",2519.7852,38362.0469,21695.7148,12302.7529,6385.542,0.4368,0.1529,0.2025,0.0906,0.1223,"ENSG00000174775",28.2434127622121,"LVVVGAGGV","WT_chr11_534287",3729.2075,39303.5664,20231.7207,11243.2725,8435.7861,1,"LVVVGADGV","0.636000","0.267164",0,0,2519.7852,0.4368,3729.2075,62,0.120062697924668
"8","YGIVIQKSM","chr12:122950526",26671.5938,34211.8945,17578.7695,592.5128,138.894,0.1316,0.2018,0.1639,0.1457,0.1888,"ENSG00000150967",0.193342776605926,"DGIVIQKSM","WT_chr12_122950",38819.6484,35796.2578,14947.543,12035.8662,11211.2041,1,"YGIVIQKSM","0.096000","0.681258",0,2,138.894,0.1888,11211.2041,68,0.104300074259399
"9","ALPFLLPPV","chr12:6333281",5.5734,31340.5098,29698.0957,1935.1233,1775.6078,11.5554,0.1472,0.2099,0.1071,0.1324,"ENSG00000067182",79.0674630047114,"ALPFLPPPV","WT_chr12_633328",17.6458,33245.9727,31527.2344,1300.7688,1679.9918,1,"ALPFLLPPV","0.510000","0.961988",0.99261627899484,1,5.5734,11.5554,17.6458,72,0.311846686674567
"10","KYAAGVRNL","chr13:25097741",23456.2383,30631.123,36515.2422,21.7921,748.798,0.2866,0.2327,0.1117,0.1088,0.1244,"ENSG00000151846",3.50743544009235,"KYAAGVRNP","WT_chr13_250977",40451.1953,38854.9648,43637.2188,11541.5537,29818.8477,1,"KYAAGVRNL","1.300000","0.947230",0,1,21.7921,0.1088,11541.5537,69,0.197144457093117
"11","LANQDVDPV","chr14:39399673",4329.7466,31157.2617,8579.3838,5351.7563,769.9698,1.231,0.2468,0.4662,0.1458,0.2978,"ENSG00000165355",4.82164636517591,"LADQDVDPV","WT_chr14_393996",3858.4978,37505.5039,15708.7891,8950.5117,3008.1528,1,"LANQDVDPV","0.110000","0.446620",1.77181812547669e-13,0,769.9698,0.2978,3008.1528,76,0.141748493942985
"12","IIGKKMYFI","chr15:73325052",181.8412,41318.1875,24501.1035,8706.2812,4240.729,1.0638,0.1708,0.1731,0.101,0.1267,"ENSG00000138622",0.0466259418086198,"TIGKKMYFI","WT_chr15_733250",622.3044,40664.8906,27331.2539,10647.4961,5880.4487,1,"IIGKKMYFI","0.493000","0.341546",0.5,1,181.8412,1.0638,622.3044,77,0.240340440048551
"13","FIMGGDTKF","chr15:85768306",1587.394,22888.6289,16489.8867,116.7168,139.3998,0.7569,0.323,0.1818,0.1444,0.2581,"ENSG00000183655",0.758616151147172,"FIMGGDTEF","WT_chr15_857683",350.0919,20909.832,14234.418,41.9165,50.3348,1,"FIMGGDTKF","2.642000","0.796953",0,0,116.7168,0.1444,41.9165,79,0.203899756671832
"14","LLDEPFQST","chr16:20324129",425.1644,41918.4258,39906.9258,17239.7246,14105.7861,0.5719,0.1473,0.1349,0.0924,0.1232,"ENSG00000169347",0,"LLDEPFRST","WT_chr16_203241",1179.9845,42056.0898,39188.0742,15816.4004,13646.8535,1,"LLDEPFQST","-0.848000","0.839570",0.500000000000089,0,425.1644,0.5719,1179.9845,77,0.0959528266690974
"15","PEGSPFQDM","chr16:4860980",44543.5586,15246.7773,45924.6211,39637.9648,45557.8945,0.0768,0.229,0.0861,0.0661,0.0733,"ENSG00000118900",15.2573838731611,"PEGSPFRDM","WT_chr16_486098",45157.4414,14860.1348,45908.2188,39079.6797,45280.7109,1,"PEGSPFQDM","-0.420000","0.940341",1.77181812547669e-13,0,15246.7773,0.229,14860.1348,85,0.0994293783600068
"16","KMFTLAQAV","chr17:67160947",12.0032,13655.4189,16394.707,282.0217,165.3082,4.1355,0.2213,0.1741,0.1496,0.2281,"ENSG00000198265",29.7978685070301,"KTFTLAQAV","WT_chr17_671609",418.972,22550.627,13041.9941,841.1693,57.9199,1,"KMFTLAQAV","0.625000","0.875528",0,1,12.0032,4.1355,418.972,71,0.321591895633147
"17","GLWRMQVFV","chr17:69106084",7.1143,27355.2012,35798.9609,17417.084,12239.8223,6.6772,0.1786,0.1462,0.098,0.1284,"ENSG00000154262",5.13222756293743,"GLWRMQVFA","WT_chr17_691060",37.3608,29201.3613,41495.1523,27515.1992,22683.5039,1,"GLWRMQVFV","0.556000","0.762784",0,1,7.1143,6.6772,37.3608,84,0.151337362650893
"18","LALLGTKIL","chr19:55858681",18265.918,35943.3359,5970.6523,1458.4186,126.8161,0.2157,0.3904,0.2618,0.152,0.2022,"ENSG00000160505",0.010793373923671,"PALLGTKIL","WT_chr19_558586",34884.7227,43852.5586,29111.4434,15549.4961,9201.0947,1,"LALLGTKIL","1.038000","0.942879",0,1,126.8161,0.2022,9201.0947,61,0.238216218987516
"19","QILMKATAF","chr2:206056316",22654.0762,25292.4766,31632.1191,921.4105,935.0999,0.2466,0.2157,0.1419,0.1712,0.2506,"ENSG00000114933",7.96045908020753,"RILMKATAF","WT_chr2_2060563",14275.75,26068.4766,32444.2676,209.7763,117.1469,1,"QILMKATAF","2.555000","0.590604",0,0,921.4105,0.1712,209.7763,74,0.157353832725699
"20","YSPTTGRVF","chr21:31252061",32782.6797,32182.4043,21055.123,104.7872,150.8257,0.1308,0.2414,0.1521,0.1442,0.2032,"ENSG00000156299",28.8642125917988,"YSPTTGRAF","WT_chr21_312520",32937.3398,31621.5137,23504.498,67.1933,106.2818,1,"YSPTTGRVF","2.594000","0.796209",0,1,104.7872,0.1442,67.1933,79,0.221310551833563
"21","LPGPEKLPV","chr22:50715714",28759.2461,39298.0391,1658.5542,8660.1494,5639.7285,0.2149,0.1716,0.8361,0.1665,0.2227,"ENSG00000251322",11.4089176496624,"LPGPEKLPG","WT_chr22_507157",43423.3867,42613.5117,28027.2109,30487.6289,30546.3965,1,"LPGPEKLPV","-0.540000","0.932793",0,1,1658.5542,0.8361,28027.2109,73,0.340793350263095
"22","TSVDAHLLM","chr3:39128383",16202.3145,26596.9629,17142.627,579.0513,98.0796,0.1929,0.5019,0.1864,0.132,0.182,"ENSG00000168026",1.67364780765232,"ASVDAHLLM","WT_chr3_3912838",11590.3574,20296.3965,27442.666,473.5268,69.2122,1,"TSVDAHLLM","0.257000","0.943677",0.999999859690118,0,98.0796,0.182,69.2122,75,0.245022396672874
"23","YIIDYFIAL","chr4:47554849",4.1866,21737.0703,14375.8809,100.0009,33.2139,4.1029,0.2961,0.2983,0.2173,0.376,"ENSG00000145246",46.1937459630865,"YIIDFFIAL","WT_chr4_4755484",7.0243,21551.3672,18079.5156,244.1277,60.6147,1,"YIIDYFIAL","1.180000","0.973625",0,2,4.1866,4.1029,7.0243,77,0.200310280491692
"24","HWVTTLPDI","chr5:110739255",20064.2988,36815.5664,30624.1699,709.7569,13030.7031,0.2969,0.1627,0.276,0.089,0.1041,"ENSG00000164209",15.501833769965,"HWVTTPPDI","WT_chr5_1107392",31008.9434,37716.2852,33882.1875,648.1223,12453.5537,1,"HWVTTLPDI","0.738000","0.379440",0.00743864589107635,1,709.7569,0.089,648.1223,79,0.308342791318673
"25","KSLRRSLPL","chr5:139680752",6162.7661,29421.127,27734.9004,290.8003,27.7201,0.3979,0.436,0.1977,0.1844,0.2288,"ENSG00000171604",0.71085799521436,"KSLRRSRPL","WT_chr5_1396807",18534.4863,32883.918,31338.1465,582.1483,82.8439,1,"KSLRRSLPL","1.261000","0.866129",0,1,27.7201,0.2288,82.8439,70,0.0669329473838094
"26","DPFKKSYVV","chr5:179121731",28899.3008,37111.1094,368.9419,9520.4062,9064.4424,0.1562,0.1681,0.365,0.1263,0.169,"ENSG00000087116",64.2063905524411,"DPSKKSYVV","WT_chr5_1791217",35771.8672,41011.3008,3825.1194,19008.6992,18197.8633,1,"DPFKKSYVV","-0.140000","0.977038",0,2,368.9419,0.365,3825.1194,74,0.14421738663028
"27","IRVPRGLGL","chr8:51409335",25675.1855,34819.8555,34977.6914,208.7981,2121.4646,0.1585,0.3186,0.1531,0.1325,0.1473,"ENSG00000147485",1.50394476619023,"IRAPRGLGL","WT_chr8_5140933",24546.748,33656.3906,34842.0938,142.9015,1573.9169,1,"IRVPRGLGL","1.232000","0.959342",0,1,208.7981,0.1325,142.9015,72,0.43978378890003
"28","TIPPSIAQF","chr9:128908565",14273.4395,31241.6484,23130.6094,279.1348,476.9976,0.2979,0.2348,0.1343,0.145,0.2141,"ENSG00000136802",13.3951115486153,"TIPPSIAQL","WT_chr9_1289085",1634.2209,41019.7383,23012.7949,320.7298,365.7899,1,"TIPPSIAQF","2.598000","0.950271",0,2,279.1348,0.145,320.7298,77,0.141748493942985
"29","KLNSLSELA","chr9:6588413",478.4916,26602.1426,42290.6172,19174.1641,14551.3135,1.3684,0.2363,0.1087,0.1032,0.1447,"ENSG00000178445",13.5716940799252,"KLNSSSELA","WT_chr9_6588413",1537.0104,30579.1348,43032.8438,18940.541,14982.0254,1,"KLNSLSELA","-0.467000","0.158740",0,1,478.4916,1.3684,1537.0104,67,0.196017917338299
