"","Peptide","ID","nM","nM.1","nM.2","nM.3","nM.4","nM.5","Thalf.h.","Thalf.h..1","Thalf.h..2","Thalf.h..3","Thalf.h..4","Thalf.h..5","gene_id","expression","WT_Peptide","WT_ID","WT_nM","WT_nM.1","WT_nM.2","WT_nM.3","WT_nM.4","WT_nM.5","dist","Peptide.1","TAP","Cle","R","Hydrophobic_mutant","min_kd","min_stab","min_WT_kd","sequence_similarity","CCF","EC","prime","prime_binding"
"1","KENSIKLTL","chr1:101239129",7345.0986,36654.9922,223.3746,21534.584,17984.5078,10376.3623,0.205,0.1121,2.0134,0.2087,0.1314,0.1129,"ENSG00000170989",7.23679074880531,"KENSIKLTS","WT_chr1_1012391",37390.4297,41065.4766,3613.3076,38110.082,37987.418,37478.7148,1,"KENSIKLTL",0.94,0.465974,0,1,223.3746,2.0134,3613.3076,69,0.499948147541238,6.87764357392087,0.007,0.025
"2","HRKKYSQNL","chr1:109761547",25273.5957,41731.9883,34968.2422,35348.2539,27100.6758,201.6466,0.1451,0.125,0.3206,0.1393,0.1084,0.1117,"ENSG00000198758",0,"HRKEYSQNL","WT_chr1_1097615",24294.9355,40426.2383,32867.2109,35194.0742,24576.7793,99.1926,1,"HRKKYSQNL",1.116,0.971296,0,0,201.6466,0.1117,99.1926,84,0.528516613115023,1.38433919904735,0.211,0.056
"3","RQKISPFDV","chr1:114688666",6745.9043,41584.1445,31288.0039,25287.5508,29140.4453,17076.9062,0.2235,0.1044,0.3694,0.1961,0.1376,0.1231,"ENSG00000116748",3.27500506772489,"RQEISPFDV","WT_chr1_1146886",14910.8691,43393.3203,32094.0898,32450.9434,24553.6504,24345.4707,1,"RQKISPFDV",0.602,0.900106,2.36419131058025e-11,0,6745.9043,0.2235,14910.8691,79,0.321705764504796,1.36672144663955,1.975,5.652
"4","LTLPLIEKL","chr1:118115379",1331.1663,17550.0762,35584.6406,987.1562,23671.9238,7896.5723,0.2536,0.2247,0.3591,1.1005,0.1971,0.1431,"ENSG00000155761",1.99236332166555,"LTLPLIGKL","WT_chr1_1181153",1554.8923,16869.9375,37753.8594,1404.2078,23076.627,7498.4722,1,"LTLPLIEKL",1.056,0.853395,0,0,987.1562,1.1005,1404.2078,65,0.79991703606598,9.09328760459024,0.053,0.05
"5","ASQPERLPI","chr1:150332993",2311.7007,32183.1094,28349.5742,4191.3691,20702.7246,13814.1299,0.3501,0.1585,0.2766,0.6668,0.1883,0.1525,"ENSG00000117360",80.1105371396022,"SSQPERLPI","WT_chr1_1503329",2406.9814,26627.7695,30303.7988,4224.1958,19971.8145,10246.0605,1,"ASQPERLPI",0.741,0.561215,0,0,2311.7007,0.3501,2406.9814,81,1,1.18442042223023,5.298,3.733
"6","QREDPESPF","chr1:152086087",35810.207,41809.2734,32077.7637,39704.0742,24774.3457,8327.3291,0.1251,0.123,0.4025,0.1352,0.0914,0.1229,"ENSG00000182898",0.248147761168164,"QGEDPESPF","WT_chr1_1520860",33769.4688,37873.3281,37563.5781,28575.625,26756.582,32718.5371,1,"QREDPESPF",2.558,0.951527,0.00754930050546119,0,8327.3291,0.1229,32718.5371,79,0.166649382513746,6.30876013920009,9.695,9.17
"7","SVTTRSVHR","chr1:155950451",32047.9258,39.8809,41053.0547,36754.6719,31694.1348,22565.2754,0.2069,1.3325,0.1146,0.1364,0.0961,0.1038,"ENSG00000116584",14.0378870751873,"PVTTRSVHR","WT_chr1_1559504",43972.7734,1088.0137,46418.1914,43540.5195,42064.2812,40331.0078,1,"SVTTRSVHR",1.688,0.940215,0,0,39.8809,1.3325,1088.0137,73,0.348199180405191,1.62074562087306,0.032,0.077
"8","NSFLPSRLL","chr1:160136625",3330.6292,9387.0293,28694.5898,2778.0422,18746.8555,1565.5944,0.144,0.1744,0.2797,0.2681,0.126,0.1305,"ENSG00000018625",1.01401395396372,"NGFLPSRLL","WT_chr1_1601366",13132.1826,22376.1191,32168.4805,13742.874,19609.3008,4008.9373,1,"NSFLPSRLL",0.977,0.955145,8.41858691761815e-07,0,1565.5944,0.1305,4008.9373,75,0.0940580413170803,2.96402582088655,3.69,4.567
"9","ISPSQFYIW","chr1:179635831",1306.3821,23924.2656,20333.9844,39.8227,24625.7578,18559.1621,0.5199,0.1472,0.3101,3.8743,0.122,0.1217,"ENSG00000162782",0.36012743695847,"ISPSQFYIR","WT_chr1_1796358",26091.3164,205.0192,42495.1992,23909.5215,30858.3262,23157.6543,1,"ISPSQFYIW",0.916,0.958858,0,2,39.8227,3.8743,23909.5215,73,0.61660271530086,7.7194369945697,0.038,0.169
"10","ALADRHNTY","chr1:183648105",1975.9374,9910.9854,12324.2021,19137.0645,16273.4609,5693.3125,0.5744,0.2765,0.411,0.4508,0.1371,0.2245,"ENSG00000173627",0,"ALADRHNAY","WT_chr1_1836481",4406.4976,8393.8154,12070.3008,24483.8867,16465.1055,6946.8608,1,"ALADRHNTY",3.237,0.978768,0,0,1975.9374,0.5744,4406.4976,79,0.217624487753245,1.32321664818702,0.064,0.022
"11","ASPPSIAPY","chr1:206493331",7287.1538,5076.6777,21535.043,3838.387,23608.7441,10126.3721,0.3066,0.2533,0.5081,0.8503,0.1153,0.172,"ENSG00000263528",9.16413974107772,"ASPPPIAPY","WT_chr1_2064933",5239.0063,4522.7651,21890.7207,3755.7712,20970.3184,8537.25,1,"ASPPSIAPY",3.045,0.970563,0,0,3838.387,0.8503,3755.7712,78,0.402132205630995,6.44542216956316,0.708,1.466
"12","ASPPLIAPY","chr1:206493332",3864.8083,3405.2568,20160.2695,2874.8545,24236.6582,9268.8467,0.3236,0.2562,0.4466,0.9206,0.1236,0.174,"ENSG00000263528",9.16413974107772,"ASPPPIAPY","WT_chr1_2064933",5239.0063,4522.7651,21890.7207,3755.7712,20970.3184,8537.25,1,"ASPPLIAPY",3.045,0.971124,0,1,2874.8545,0.9206,3755.7712,74,0.402132205630995,18.0284816993998,0.395,1.149
"13","STRVCCGGR","chr1:215813816",26593.8066,265.2977,38092.3672,28558.6211,30985.1348,26598.4023,0.1905,0.4963,0.1148,0.1165,0.0961,0.0966,"ENSG00000042781",0.0124537049182206,"STGVCCGGR","WT_chr1_2158138",33564.3789,377.7762,37456.4141,32482.5605,35337.1758,37920.8906,1,"STRVCCGGR",1.706,0.159082,0.00743864589107635,0,265.2977,0.4963,377.7762,76,0.360938174810259,9.62877278310722,5.964,3.616
"14","RELEDKVPI","chr1:222629158",13695.5215,41502.3242,1024.7679,32237.1191,28018.4102,29930.3613,0.1579,0.0987,1.5326,0.2042,0.1187,0.0929,"ENSG00000154305",28.7949934314653,"RELEDEVPI","WT_chr1_2226291",13698.0391,40852.3359,1449.9539,30937.2344,30603.6387,33031.9141,1,"RELEDKVPI",0.516,0.445667,0,0,1024.7679,1.5326,1449.9539,76,0.290165983670993,1.70524514591208,0.759,0.516
"15","STSGLTQSI","chr1:35736523",249.4547,8766.4941,25031.9336,2149.1421,26935.5137,6539.647,0.2738,0.259,0.3287,0.3674,0.1916,0.1217,"ENSG00000092853",10.6457335309948,"STSGLTRSI","WT_chr1_3573652",455.8066,11531.1973,27166.4375,2010.2454,28756.1309,6262.9927,1,"STSGLTQSI",0.423,0.902259,0,0,249.4547,0.2738,455.8066,70,0.217624487753245,1.95343729449636,0.984,0.753
"16","FGGKGQGQW","chr1:36393788",20315.7266,39121.1328,30438.5156,1193.1055,30733.0469,28602.8398,0.1329,0.107,0.194,0.279,0.0918,0.0972,"ENSG00000181817",10.7576035446525,"FGGKGQGRW","WT_chr1_3639378",22671.7305,39887.0625,30939.5684,1377.8699,30803.627,29732.8203,1,"FGGKGQGQW",0.501,0.912834,0,0,1193.1055,0.279,1377.8699,85,0.652873463259734,1.10019765479514,6.041,0.737
"17","LVFNVRMVF","chr1:48453012",34.8171,1312.5171,19934.6758,1034.8627,20785.7617,3046.6733,0.5031,0.4002,0.4233,1.1206,0.1913,0.2754,"ENSG00000132122",7.31210089207477,"LVFNARMVF","WT_chr1_4845301",49.6226,2160.3325,20560.5293,820.1664,17169.9121,1945.537,1,"LVFNVRMVF",2.644,0.906693,0,1,34.8171,0.5031,49.6226,77,0.584149940811341,7.75773371522414,0.045,0.031
"18","SEGGSTAQS","chr1:63324280",46399.0977,42491.0625,11532.0674,43636.7422,42825.6758,45151.0664,0.067,0.0775,0.2256,0.0801,0.0719,0.0722,"ENSG00000187140",0.428608045776076,"SGGGSTAQS","WT_chr1_6332428",44155.8398,38433.0664,42989.1016,37359.2852,42866.4844,44210.3477,1,"SEGGSTAQS",-2.521,0.329072,0,0,11532.0674,0.2256,42989.1016,67,0.516225529089092,5.08647651615279,1.374,0.893
"19","FKFSGSSSK","chr1:89713014",33942.375,3138.3811,35187.6094,38908.8008,28877.7285,8252.1689,0.1336,0.2389,0.1972,0.1152,0.1105,0.1345,"ENSG00000171488",5.8066811960762,"FKFPGSSSK","WT_chr1_8971301",34297.875,3622.3511,36926.0664,39151.1953,27985.0918,6691.3877,1,"FKFSGSSSK",0.475,0.859444,0,0,3138.3811,0.2389,3622.3511,75,0.184980814590258,4.56405017932003,7.787,8.741
"20","ASLFTQPEI","chr1:91716583",1046.1089,31044.8613,26840.6621,569.8837,27514.0098,14850.9756,0.2399,0.1468,0.4188,1.1835,0.1519,0.1076,"ENSG00000069702",93.0391129515563,"ASLFTRPEI","WT_chr1_9171658",944.1379,29293.123,28944.0469,1058.599,24649.75,12075.6572,1,"ASLFTQPEI",0.598,0.159349,0.999971917817658,0,569.8837,1.1835,1058.599,75,0.528516613115023,2.08079514863975,0.966,1.403
"21","SEDYDARGS","chr1:92181496",48211.7969,45736.1719,17088.3652,46256.2227,42453.8398,44746.9453,0.0568,0.0616,0.133,0.0768,0.0545,0.0584,"ENSG00000189195",5.16127397118179,"SEDYDAGGS","WT_chr1_9218149",47945.9766,44528.1367,26323.2695,45549.0234,42752.5195,45615.6055,1,"SEDYDARGS",-2.372,0.033092,0,0,17088.3652,0.133,26323.2695,71,0.721876349620519,11.2784105444984,2.942,2.915
"22","QLLSPPCLV","chr10:114487958",3994.8638,24600.4551,26738.3477,24019.9785,21375.1074,12078.7891,0.1353,0.1725,0.1835,0.2105,0.1491,0.0915,"ENSG00000099204",49.0663508718163,"RLLSPPCLV","WT_chr10_114487",219.1281,29419.5332,28126.8555,12525.3115,12213.3604,5590.5771,1,"QLLSPPCLV",0.413,0.86693,0,0,3994.8638,0.1353,219.1281,79,0.896876676801251,0.599859398221333,15.542,20.264
"23","MARGQNLLQ","chr10:128108903",31962.0625,5386.9028,39471.0586,14985.7549,36724.4609,23414.6445,0.084,0.165,0.1093,0.1115,0.0956,0.0993,"ENSG00000148773",62.9899545797038,"TARGQNLLQ","WT_chr10_128108",39925.4883,13333.3408,42323.5781,23804.7129,40746.375,32972.2773,1,"MARGQNLLQ",-0.096,0.260645,3.15461302448876e-09,1,5386.9028,0.165,13333.3408,74,0.37751186651073,1.62180082204229,16.279,11.029
"24","SLKSWNQPR","chr10:30029588",17556.7227,362.1905,35144.2227,38048.2969,31565.1172,25617.4629,0.3393,0.4217,0.1383,0.1434,0.1293,0.1467,"ENSG00000165757",8.79243346873698,"SLESWNQPR","WT_chr10_300295",26582.3008,746.2988,37299.1016,40569.543,30054.3262,32741.9023,1,"SLKSWNQPR",1.602,0.904862,0,0,362.1905,0.4217,746.2988,87,0.163218365814933,1.36672144663955,4.52,4.591
"25","HSNLVSVGY","chr10:37838005",2557.0271,212.1478,15777.4326,1436.1989,27040.6387,4778.521,0.219,0.5036,0.5346,0.7016,0.099,0.1837,"ENSG00000198105",7.46480095969013,"YSNLVSVGY","WT_chr10_378380",2442.0554,242.9026,14235.8037,2291.1326,21527.1289,3053.9006,1,"HSNLVSVGY",2.921,0.974648,0,0,212.1478,0.5036,242.9026,75,0.172075176363031,1.94205715088404,0.368,0.997
"26","MSQPKFLQL","chr10:84513878",665.7773,16515.9492,30237.6387,899.0846,6017.1504,907.922,0.2308,0.2572,0.3887,0.5917,0.2336,0.2163,"ENSG00000107771",36.5860519834267,"MSQPKSLQL","WT_chr10_845138",1336.4917,19632.0137,31073.4238,1307.2164,6704.7915,881.9923,1,"MSQPKFLQL",0.958,0.954749,0,2,665.7773,0.2308,1336.4917,76,0.261919737472932,12.2409347425057,0.859,0.837
"27","CTYDEIFSI","chr10:94262717",150.0639,2849.9229,23204.5664,1425.5775,21941.2207,3974.3857,0.3183,0.3702,0.4009,0.7093,0.2088,0.1232,"ENSG00000138193",5.05956218430422,"CTYDEILSI","WT_chr10_942627",326.4647,7027.2969,23659.8965,1982.8754,21039.8652,2328.418,1,"CTYDEIFSI",0.636,0.697075,0,2,150.0639,0.3183,326.4647,80,0.264258306557511,6.15987291607204,0.107,0.32
"28","DSPGVVWLK","chr11:105029246",28767.6504,18.7454,37500.6211,27769.4258,34074.8438,24758.8047,0.136,0.6966,0.1134,0.1159,0.0769,0.0882,"ENSG00000137752",48.3200517847858,"DSPGVVWFK","WT_chr11_105029",28802.8457,12.9223,37707.3125,28409.1484,32965.8555,21409.3613,1,"DSPGVVWLK",0.144,0.964387,0.00749397625920388,1,18.7454,0.6966,12.9223,83,0.238684922051946,3.46930907646351,0.059,0.356
"29","KSSIEVSND","chr11:118235427",39393.3945,41989.6953,41862.668,8169.811,45792.6328,46230.2188,0.1104,0.0807,0.0817,0.1484,0.0545,0.0597,"ENSG00000160588",23.9806633676277,"KSSIEVSDD","WT_chr11_118235",43848.7656,45017.8984,43305.1484,15729.7031,46954.1133,47503.4531,1,"KSSIEVSND",-1.571,0.031842,0,0,8169.811,0.1484,15729.7031,74,1,1.2307032337321,3.582,6.747
"30","IISPTYQPI","chr11:119372794",353.4756,21457.5898,32128.1348,8628.1621,19566.7031,9772.5586,0.2567,0.1731,0.3108,0.4479,0.2932,0.1382,"ENSG00000036672",14.2980168359995,"IISPTYRPI","WT_chr11_119372",710.7711,25607.2051,34116.1602,8748.4883,21876.75,10417.0879,1,"IISPTYQPI",0.515,0.558306,0.000112319266852865,0,353.4756,0.2567,710.7711,78,0.202718700920831,1.95343729449636,2.441,3.706
"31","GNRCPSCAK","chr11:121145857",34195.6133,6731.0332,35838.1133,34908.1289,32623.4492,26302.7695,0.1056,0.1535,0.095,0.1064,0.0763,0.0959,"ENSG00000109927",1.32770475718577,"GDRCPSCAK","WT_chr11_121145",41072.1484,14983.001,31835.0527,41408.1367,36895.3125,37627.8281,1,"GNRCPSCAK",0.175,0.494517,1,0,6731.0332,0.1535,14983.001,87,0.876224911217011,1.2223011439752,23.634,16.562
"32","HVVPQPVNR","chr11:13372332",26354.8984,12.7346,41638.1641,34948.5625,32651,20675.1855,0.1976,3.7128,0.1215,0.1893,0.0922,0.1183,"ENSG00000133794",15.4766631099666,"HVVPQPVNG","WT_chr11_133723",28138.7207,22935.2324,40291.3125,20282.5664,42049.2578,34736.7109,1,"HVVPQPVNR",1.67,0.803465,0,0,12.7346,3.7128,22935.2324,77,0.778866587748454,7.91602678967751,0.022,0.011
"33","GEVVHTTHL","chr11:133937404",37649.4297,41135.293,691.7131,38192.2344,29513.2754,22867.3398,0.1115,0.1074,1.2263,0.1428,0.1032,0.0956,"ENSG00000080854",3.53003761949627,"GEAVHTTHL","WT_chr11_133937",36183.7031,40591.9219,792.5555,37161.332,26828.7715,20888.8066,1,"GEVVHTTHL",0.669,0.971853,0,1,691.7131,1.2263,792.5555,77,0.32781410180552,5.42339708388439,0.016,0.146
"34","PTIGYHFYR","chr11:47052476",14074.8359,6.7209,37507.9258,23269.9355,31205.5039,22719.8555,0.2954,6.1316,0.1334,0.1849,0.0892,0.0956,"ENSG00000149179",3.20601123617712,"PTIGYHFYG","WT_chr11_470524",19660.0781,19983.0488,37792.2773,7486.1514,42223.4141,39448.4375,1,"PTIGYHFYR",1.316,0.80639,0.992561768776504,0,6.7209,6.1316,19983.0488,80,0.217624487753245,7.91602678967751,0.111,1.803
"35","CDSNVVHHF","chr11:56290541",23154.3984,26905.5117,1339.1257,21305.1387,28284.6172,30313.6309,0.1515,0.153,0.583,0.2661,0.0937,0.1094,"ENSG00000181693",0,"CDSNVVRHF","WT_chr11_562905",28487.9473,35708.0664,1395.0299,23808.3223,31779.6484,29750.8496,1,"CDSNVVHHF",2.077,0.93782,3.15461302448876e-09,0,1339.1257,0.583,1395.0299,83,0.290165983670993,2.93155629467547,0.08,0.296
"36","HSALAQSRQ","chr11:60919802",40176.832,4340.5322,41773.1016,14449.1787,40647.7461,37858.1641,0.0937,0.2137,0.112,0.1124,0.0809,0.0991,"ENSG00000110108",18.5177795836787,"HSALAQSRR","WT_chr11_609198",28045.1113,10.8155,39303.5664,17792.7031,32201.2129,25530.8574,1,"HSALAQSRQ",-0.074,0.277842,0,0,4340.5322,0.2137,10.8155,76,0.0936611719444344,1.37106748279627,4.787,2.446
"37","CSLSTTNVF","chr11:61313643",1184.9749,14155.3242,17233.1992,189.1847,17369.0996,8944.2168,0.2277,0.1891,0.656,1.8727,0.1474,0.1705,"ENSG00000167986",22.0291631200643,"RSLSTTNVF","WT_chr11_613136",51.7776,23905.6348,20060.6113,40.021,12240.083,6339.8306,1,"CSLSTTNVF",2.447,0.874142,0,1,189.1847,1.8727,40.021,66,0.510291902317953,4.49564730995878,0.544,1.083
"38","VSIKGPDAK","chr11:62521332",31456.3555,1026.3103,40173.7734,21079.5098,34237.0781,29907.0527,0.1478,0.2795,0.127,0.198,0.089,0.0965,"ENSG00000124942",788.018208843334,"VSIEGPDAK","WT_chr11_625213",31057.6367,579.0204,40052.707,22161.4473,32357.3418,27761.9219,1,"VSIKGPDAK",0.497,0.332119,0,0,1026.3103,0.2795,579.0204,74,0.272030609691556,1.38433919904735,5.166,2.359
"39","AVRAVMRKR","chr11:64947440",22561.6094,991.7276,39696.3438,30528.5527,37337.875,25324.5156,0.276,0.4833,0.1294,0.1518,0.1089,0.1146,"ENSG00000168070",0.0555085604699134,"AVGAVMRKR","WT_chr11_649474",26274.8984,668.4771,38716.4648,34054.9414,39067.8359,34609.5234,1,"AVRAVMRKR",1.917,0.46779,0,0,991.7276,0.4833,668.4771,68,0.647432851065903,9.62877278310722,0.656,0.572
"40","SEPDLAVNF","chr11:65210403",25508.4922,33398.1172,423.9151,35012.1562,25092.9492,21285.7871,0.0978,0.0984,0.8876,0.1335,0.1046,0.1061,"ENSG00000014216",21.8483986962163,"SEPDLAVDF","WT_chr11_652104",32169.8711,37083.0234,711.1708,38263.7812,27951.7949,24799.5547,1,"SEPDLAVNF",2.385,0.567359,0.996266792054333,0,423.9151,0.8876,711.1708,77,0.174099590202596,1.2307032337321,0.062,0.089
"41","SRRYKKVQM","chr11:67405401",33153.6484,40446.3711,40117.3086,38875.9922,26763.2422,829.8958,0.1041,0.1144,0.1882,0.1012,0.0809,0.0999,"ENSG00000175463",1.48368945787977,"SRRYKKVKM","WT_chr11_674054",35069.7812,41756.3789,40803.7305,39630.2461,29249.1016,1155.662,1,"SRRYKKVQM",0.649,0.965138,0,0,829.8958,0.0999,1155.662,83,0.482558646757195,0.659531275436391,2.547,0.988
"42","TTSQGQWGR","chr11:71444882",24812.7031,11.4348,38812.0898,24219.0957,33929.1562,29287.0977,0.2379,3.0399,0.1494,0.1598,0.0861,0.1022,"ENSG00000172893",8.78110733783736,"TASQGQWGR","WT_chr11_714448",28864.6016,22.7616,38436.4102,23859.8906,35026.5625,29548.7363,1,"TTSQGQWGR",1.57,0.733967,0,0,11.4348,3.0399,22.7616,84,0.217624487753245,1.31418296342764,0.296,0.132
"43","SHHSKEPFL","chr11:72685863",32476.9453,38918.4883,36574.5664,35627.3984,20691.752,2554.8413,0.1076,0.0964,0.2258,0.1192,0.146,0.1134,"ENSG00000186635",23.4266291168453,"SHHSKEPLL","WT_chr11_726858",29588.0957,39833.5664,35565.3906,34749.8633,20022.8711,2553.2405,1,"SHHSKEPFL",1.015,0.599905,0,2,2554.8413,0.1134,2553.2405,84,0.493282172240688,3.46930907646351,5.331,5.816
"44","RTHTGEKLY","chr12:132925871",3566.3508,13124.377,28325.6719,501.7513,29422.7207,6611.0732,0.5695,0.2232,0.53,4.5121,0.0879,0.1211,"ENSG00000196458",3.24505075308107,"RTHTGEKPY","WT_chr12_132925",3626.9397,14192.5908,28700.1797,1457.0939,33893.5742,14654.3223,1,"RTHTGEKLY",3.128,0.970984,0,1,501.7513,4.5121,1457.0939,75,0.569171737200794,8.31464840093846,0.252,0.178
"45","KMTPLSFIL","chr12:22457043",12.1601,22633.5,21289.4668,1500.8251,8277.6523,6417.541,0.7621,0.1398,0.5935,0.7795,0.2178,0.2214,"ENSG00000111731",48.6599177284025,"KMTPLSFIP","WT_chr12_224570",3254.6094,36457.6172,30196.7734,8728.7246,35450.5273,37218.8711,1,"KMTPLSFIL",1.152,0.931887,0,1,12.1601,0.7621,3254.6094,72,0.504493130700703,10.3617236445877,0.045,0.128
"46","TSQEGVTAW","chr12:243719",2010.8976,25811.9375,11118.5508,167.9876,26396.8613,15492.0615,0.5012,0.2209,0.4437,1.9191,0.1154,0.1688,"ENSG00000010379",0.0602051367623242,"TSQGGVTAW","WT_chr12_243719",1439.6058,23591.8965,13145.9775,124.7016,27570.9395,16566.0664,1,"TSQEGVTAW",0.82,0.882216,0.5,0,167.9876,1.9191,124.7016,74,0.516225529089092,7.86332948526251,0.081,0.072
"47","QTKVGDIAH","chr12:49041485",37194.7305,8004.2695,41768.5781,28330.877,43386.7461,36618.5117,0.1544,0.3651,0.1331,0.1602,0.1041,0.1555,"ENSG00000167548",69.8508870476143,"QTKVGDIAR","WT_chr12_490414",33434.2578,51.0605,42943.9883,33848.8594,38513.8281,31761.7598,1,"QTKVGDIAH",-0.654,0.237608,0,0,8004.2695,0.3651,51.0605,72,0.352344408743348,2.05758409596277,7.592,12.264
"48","EPAPLSGAF","chr12:54054241",24098.0684,11699.8457,21501.752,30781.3066,22638.1562,20167.9023,0.1149,0.1488,0.1946,0.13,0.1817,0.1399,"ENSG00000198353",0.703074482429013,"EPAPLSGAS","WT_chr12_540542",46218.2031,24445.2305,39629.8125,43674.043,39999.4258,41085.0508,1,"EPAPLSGAF",1.61,0.977426,4.20929523062496e-07,2,11699.8457,0.1488,24445.2305,71,0.770753394126075,8.06573755972669,3.581,4.655
"49","HCGDGPLPR","chr12:57468107",41398.2852,4590.9014,43806.0859,41876.2773,41608.4492,37596.1016,0.1106,0.8023,0.1234,0.0915,0.0767,0.0897,"ENSG00000111087",0.182290957623127,"HRGDGPLPR","WT_chr12_574681",39393.8281,13719.5488,40308.75,44080.4414,35791.6211,14395.6514,1,"HCGDGPLPR",1.383,0.581095,0,1,4590.9014,0.8023,13719.5488,75,0.422813290492018,8.18914114903432,0.888,1.307
"50","GGLPINTVR","chr12:57751562",32500.4961,3796.219,42829.375,31051.9297,36353.2344,29009.8828,0.143,0.1907,0.1094,0.1179,0.076,0.0886,"ENSG00000135446",35.3179523780787,"GGLPISTVR","WT_chr12_577515",32380.0957,3686.2036,42085.6641,31766.5742,36030.9492,28887.7305,1,"GGLPINTVR",1.027,0.826042,0.00743864589107635,0,3796.219,0.1907,3686.2036,73,0.82213695373448,4.33969731266907,0.579,1.766
"51","RLIAQWHTL","chr12:79449056",10.0633,26490.9824,22042.5996,4566.8232,11360.0557,6685.957,1.7316,0.1443,0.4177,0.9171,0.2737,0.1835,"ENSG00000067715",0.708054683567254,"RPIAQWHTL","WT_chr12_794490",3531.5984,23145.6348,24011.6602,8989.623,12013.749,10114.9824,1,"RLIAQWHTL",1.419,0.977569,0,1,10.0633,1.7316,3531.5984,77,0.299968888524743,8.25788376406506,0.097,0.095
"52","MTHFPASSF","chr12:84870603",39.5894,555.4259,15530.3242,174.3711,12330.3398,1379.5548,0.3047,0.347,0.3409,1.2149,0.1428,0.2042,"ENSG00000072041",2.09457105800512,"MTHFPASPF","WT_chr12_848706",34.1065,197.4261,13448.0928,262.7781,12993.6787,2625.2046,1,"MTHFPASSF",2.744,0.589648,0,0,39.5894,0.3047,34.1065,82,0.222868451313564,2.97259747265992,0.14,0.284
"53","ENKDFIWPK","chr13:36112041",31291.373,46.7406,25567.3379,36055.5195,33569.4648,24769.248,0.127,0.723,0.1535,0.1045,0.0999,0.1053,"ENSG00000133083",2.32793055874873,"ENKDFIRPK","WT_chr13_361120",42051.5352,490.936,32252.1328,41075.6992,38530.9219,30496.5371,1,"ENKDFIWPK",0.238,0.666862,0,2,46.7406,0.723,490.936,75,0.548091302489653,10.9983179580287,0.192,1.74
"54","GSTMESLPR","chr14:103740428",31153.8867,597.1468,38787.7422,25529.7383,38593.5156,33302.4922,0.184,0.4723,0.1223,0.1558,0.0799,0.0925,"ENSG00000088808",13.5348260594282,"GSTVESLPR","WT_chr14_103740",32734.8301,813.4145,39420.2578,25504.0664,39160.1094,35274.9023,1,"GSTMESLPR",1.171,0.433981,2.36419131058025e-11,1,597.1468,0.4723,813.4145,76,0.41106847686724,2.45412076053317,1.095,2.855
"55","KIRKLLSSL","chr14:105470090",195.1706,31505.4062,38564.2812,5632.4116,17694.9785,10543.0615,0.4819,0.1241,0.1529,0.3716,0.1857,0.144,"ENSG00000182979",11.2946772533768,"KIRKLLSSS","WT_chr14_105470",19483.4707,33862.7656,42140.3359,25386.7852,35644.75,34028.793,1,"KIRKLLSSL",1.328,0.930728,0,1,195.1706,0.4819,19483.4707,66,0.421475273749955,6.87764357392087,0.166,0.157
"56","STLHSSLYF","chr14:20060215",78.4388,3071.4954,13764.1523,265.9962,14331.0039,4681.5928,0.4245,0.6429,0.6403,1.7973,0.1547,0.1613,"ENSG00000176246",0,"STLHSPLYF","WT_chr14_200602",97.022,4753.8691,15941.6514,295.3153,13903.2012,2978.9053,1,"STLHSSLYF",2.716,0.751022,3.15461302448876e-09,0,78.4388,0.4245,97.022,76,0.146519457101194,5.62205015890648,0.205,0.907
"57","MSALVVSVI","chr14:22589146",371.5057,4853.7144,22589.2129,295.1365,19410.0293,3981.6614,0.2279,0.2187,0.4648,0.6729,0.2498,0.1714,"ENSG00000129562",83.9382177568252,"MSASVVSVI","WT_chr14_225891",217.0045,3339.3269,19088.2539,139.9877,15595.4922,1998.6217,1,"MSALVVSVI",0.684,0.822142,0,1,295.1365,0.6729,139.9877,64,0.517946280852722,8.47355895823344,0.39,1.186
"58","STIMDLFSK","chr14:24074123",9242.207,13.5899,29536.5996,11145.0479,29789.498,20980.9922,0.2379,1.59,0.2042,0.2218,0.1028,0.0993,"ENSG00000100884",0.31952601144414,"STITDLFSK","WT_chr14_240741",9960.4395,12.4808,28768.2617,10776.8467,28470.0762,19965.3359,1,"STIMDLFSK",0.666,0.779822,0,1,13.5899,1.59,12.4808,72,0.393576201255868,4.56702164567699,0.103,0.788
"59","SDAAISEPR","chr14:58547844",38415.6211,452.3575,29094.1191,39379.7578,38814.6172,40106.9102,0.1228,0.2279,0.1484,0.1014,0.0726,0.0918,"ENSG00000100578",20.5810142703579,"SDAAVSEPR","WT_chr14_585478",39057.2812,536.9944,29560.25,39613.9453,39284.0273,40497.6055,1,"SDAAISEPR",1.294,0.30359,0,1,452.3575,0.2279,536.9944,80,0.364750902008959,1.21264427550749,0.075,0.125
"60","DSNSFNLLR","chr14:99175973",28689.6309,8.6497,31553.8398,28126.2383,30273.6387,17509.2891,0.1463,2.084,0.1299,0.119,0.0782,0.1004,"ENSG00000127152",1.44717283132694,"DSNPFNLLR","WT_chr14_991759",27598.6914,8.8398,31994.2344,26394.291,26818.8945,13681.8906,1,"DSNSFNLLR",1.085,0.520282,0,0,8.6497,2.084,8.8398,75,0.435248975506489,4.56405017932003,0.026,0.167
"61","YSHDLSSRK","chr15:23566148",28762.6602,31.6701,37727.7188,23173.4453,22497.752,11076.168,0.1441,1.014,0.1789,0.1519,0.105,0.1145,"ENSG00000179455",1.29262981385338,"YSHDLSGRK","WT_chr15_235661",31719.1836,69.7104,39260.6484,25101.916,25493.5918,14302.8066,1,"YSHDLSSRK",0.647,0.962371,0,0,31.6701,1.014,69.7104,79,0.693678054713467,5.29890173898593,1.239,1.315
"62","AENEDQLCA","chr15:36709236",43384.8711,43382.043,1366.2748,42330.8945,37461.7031,38423.5234,0.0921,0.0974,0.4083,0.11,0.0987,0.0918,"ENSG00000186073",4.28160835693904,"AENEDQLRA","WT_chr15_367092",44235.2188,44353.1367,912.4424,41726.5508,36571.0039,39601.5312,1,"AENEDQLCA",-0.574,0.633368,5.65836697512406e-05,1,1366.2748,0.4083,912.4424,68,1,8.24543324963918,0.444,0.249
"63","VQWHDLGSL","chr15:43092031",2703.2041,39130.0156,24612.959,22027.8066,21031.4414,21407.5117,0.1953,0.1051,0.4466,0.1992,0.1492,0.124,"ENSG00000159459",74.5792678008105,"VQWHDLRSL","WT_chr15_430920",1314.3782,39553.5703,16504.6953,18910.248,21040.0957,15144.8496,1,"VQWHDLGSL",1.234,0.880636,0,0,2703.2041,0.1953,1314.3782,78,0.92490407295129,11.2784105444984,1.263,1.806
"64","ELLALTENL","chr15:89903892",6968.542,17570.5859,27787.1602,28347.125,27464.3359,20697.7988,0.145,0.1873,0.2085,0.1674,0.1345,0.1028,"ENSG00000242498",2.97242721995045,"ELLALTESL","WT_chr15_899038",4544.1016,17756.7324,25587.2637,28017.5059,24789.8965,18193.1328,1,"ELLALTENL",0.643,0.811357,0,0,6968.542,0.145,4544.1016,69,0.430187940907577,2.29456744410446,1.922,2.69
"65","FSKVEDMAK","chr16:15837978",33132.4883,189.4366,41307.0234,21948.5801,29666.625,18908.1992,0.1613,0.3673,0.119,0.1859,0.1023,0.1405,"ENSG00000133392",65.4175211511297,"FSKVEDMAE","WT_chr16_158379",42272.7852,16276.4629,44045.1484,28058.7695,38344.6094,34548.1758,1,"FSKVEDMAK",0.294,0.668615,0,0,189.4366,0.3673,16276.4629,78,0.369961629180516,1.12361189004339,5.147,7.915
"66","LQQRHSVLR","chr16:18836097",21372.3223,2328.897,32829.1836,34448.8789,26865.6504,18528.666,0.2719,0.3584,0.2193,0.204,0.0971,0.1299,"ENSG00000157106",90.6628721290027,"LQQRRSVLR","WT_chr16_188360",23234.4551,3637.6682,34948.9453,35396.8672,28786.0215,19122.3711,1,"LQQRHSVLR",1.58,0.391985,0,0,2328.897,0.3584,3637.6682,74,0.260536358577828,3.58001414546672,3.041,5.275
"67","TELILFGEW","chr16:21267597",16515.9492,35263.0742,16.3175,14579.2021,34985.2734,35563.8555,0.1423,0.099,0.6519,0.2283,0.0958,0.0957,"ENSG00000103316",0.709209188383576,"TEPILFGEW","WT_chr16_212675",25453.0645,35282.9102,173.0068,21030.084,32460.0684,32077.7637,1,"TELILFGEW",0.9,0.725702,0,1,16.3175,0.6519,173.0068,75,0.693678054713467,12.603631249099,0.046,0.247
"68","CEKSFGQTQ","chr16:3089598",45004.2578,38890.2852,4440.2876,42101.1367,41287.793,37191.9023,0.0759,0.0803,0.1598,0.0896,0.0752,0.0766,"ENSG00000130182",0,"CGKSFGQTQ","WT_chr16_308959",41571.543,29108.9277,39306.9883,28345.2793,41118.3984,33050.1328,1,"CEKSFGQTQ",-0.333,0.336094,0,0,4440.2876,0.1598,39306.9883,78,1,5.08647651615279,2.296,3.458
"69","HLLPNHAPG","chr16:57026206",14159.916,31046.543,34255.2305,24144.2539,35043.6016,35109.6523,0.1292,0.147,0.1374,0.1098,0.1226,0.1142,"ENSG00000140853",24.3158417598996,"HLLPDHAPG","WT_chr16_570262",18302.5176,33060.875,35177.3281,27228.2285,37201.5664,39437.7539,1,"HLLPNHAPG",-1.472,0.562686,0,0,14159.916,0.1292,18302.5176,84,0.704688817486697,2.66850859553208,13.834,14.572
"70","VTYDEESPK","chr16:57920409",19710.5527,45.4918,39007.8672,23254.0781,31615.3555,25902.0195,0.216,0.8563,0.1603,0.2001,0.1063,0.1046,"ENSG00000070729",7.8756287939945,"VTSDEESPK","WT_chr16_579204",33524.0977,136.8088,42011.9609,27116.8125,36603.4688,36017.707,1,"VTYDEESPK",0.553,0.681407,0.999943837212492,2,45.4918,0.8563,136.8088,73,0.279216323909823,9.10906800810514,4.222,3.349
"71","HNSLVSSVR","chr16:66536968",32920.9453,84.7194,36031.3438,32680.6836,35389.5859,23989.5879,0.1155,0.2446,0.1243,0.1032,0.08,0.0956,"ENSG00000166548",10.885771482608,"HNPLVSSVR","WT_chr16_665369",41300.3125,425.0539,42327.6992,39709.6562,37793.9102,26164.5469,1,"HNSLVSSVR",1.207,0.568026,0,0,84.7194,0.2446,425.0539,73,0.417698613590905,4.50596592793758,0.017,0.06
"72","VVNWPLSLK","chr16:67154953",14030.1396,25.063,36189.5859,20390.6094,22653.0957,17475.7949,0.2288,0.8594,0.2185,0.213,0.1326,0.1011,"ENSG00000102871",2.38831690174562,"VVNRPLSLK","WT_chr16_671549",18921.9102,95.1744,37836.0508,22570.3984,25890.5449,20754.9805,1,"VVNWPLSLK",0.426,0.904479,0,2,25.063,0.8594,95.1744,67,0.973583234685568,9.51068542514839,0.566,2.905
"73","DGLSPNQTR","chr17:12736237",42645.3477,1550.9435,43328.1094,40903.6367,41714.3906,36697.8516,0.0936,0.178,0.0732,0.073,0.0631,0.067,"ENSG00000141052",1.18010886834752,"DGLSPDQTR","WT_chr17_127362",44076.1484,3078.2178,44229.4844,41528.4023,43795.1836,40036.668,1,"DGLSPNQTR",0.974,0.82535,0,0,1550.9435,0.178,3078.2178,79,0.739923258361032,2.32761932094996,1.489,1.158
"74","CEQIDWQEI","chr17:18138126",31303.5645,42928.6758,392.3951,33770.2109,28689.3164,31379.8672,0.0815,0.079,0.329,0.1205,0.0998,0.0815,"ENSG00000091536",0.0400748410734521,"REQIDWQEI","WT_chr17_181381",22872.7812,44328.6602,674.2446,34328.6992,29507.5273,30476.7383,1,"CEQIDWQEI",0.335,0.516896,0.00743864589107635,1,392.3951,0.329,674.2446,77,0.853757605801191,4.49564730995878,0.392,0.64
"75","ISEMIRHLY","chr17:28547387",7238.8252,2972.0796,25758.9238,1960.6669,14558.7109,4381.0635,0.2929,0.2551,0.3586,1.584,0.0988,0.1382,"ENSG00000109103",3.08851881971872,"ISEMIRHPY","WT_chr17_285473",8848.0625,4436.1084,26164.8184,3887.2456,21736.832,9807.5107,1,"ISEMIRHLY",2.892,0.967605,0,1,1960.6669,1.584,3887.2456,75,0.313526804390268,8.31464840093846,0.203,0.663
"76","RGSSGGSCF","chr17:40822392",12553.5352,36809.1836,29177.3594,5678.7324,17982.3613,15860.7822,0.2794,0.1078,0.3445,0.531,0.1207,0.1372,"ENSG00000186395",2201.8164367397,"RGSSGGGCF","WT_chr17_408223",16265.5498,38033.4766,32387.1133,8029.2461,18797.2305,18159.5137,1,"RGSSGGSCF",2.562,0.882911,0,0,5678.7324,0.531,8029.2461,78,0.482558646757195,5.29890173898593,5.034,3.747
"77","LETLNFTTF","chr17:40999609",20376.4922,33796.1602,357.2011,28355.0977,22840.3965,18755.9863,0.119,0.1055,1.2009,0.1669,0.1172,0.1078,"ENSG00000212900",3.82083924567904,"LETLNLTTF","WT_chr17_409996",24074.3496,36238.1641,521.7037,28325.6719,25595.8457,19964.8984,1,"LETLNFTTF",2.337,0.934071,0,2,357.2011,1.2009,521.7037,75,0.594581189754401,6.56147689824091,0.099,0.619
"78","LAADDFQTK","chr17:41525196",28860.8594,145.1549,36358.7422,19430.6309,30165.0859,22755.0352,0.1443,0.7012,0.1951,0.1939,0.1196,0.1136,"ENSG00000171345",106.56524409368,"LAADDFRTK","WT_chr17_415251",29141.3848,195.2402,36978.4453,19110.377,31141.4121,21831.5918,1,"LAADDFQTK",0.67,0.923898,0,0,145.1549,0.7012,195.2402,74,1,1.95343729449636,0.37,0.681
"79","TDITVEVAW","chr17:42781284",17370.2305,30309.0371,703.1299,8244.3125,38224.0703,38115.0469,0.1156,0.1083,0.405,0.2282,0.0813,0.1007,"ENSG00000126562",0.727850409038485,"TDTTVEVAW","WT_chr17_427812",23816.5684,32851.5508,2272.0747,10697.3818,39480.8867,39470.6289,1,"TDITVEVAW",0.486,0.893975,0,1,703.1299,0.405,2272.0747,76,0.61660271530086,6.01111827130057,0.198,0.456
"80","SSCSRSHCR","chr17:50575860",30045.5469,363.4113,38688.4102,28892.1094,35487.7461,23604.6641,0.4114,1.093,0.1335,0.2192,0.0952,0.1158,"ENSG00000006283",2.21009714736157,"SSCSRSHRR","WT_chr17_505758",27920.9688,239.2871,38400.2383,27203.498,36478.125,26459.7695,1,"SSCSRSHCR",1.641,0.138872,0,1,363.4113,1.093,239.2871,75,0.443953955016619,8.24543324963918,0.281,0.268
"81","YYSDYSCFR","chr17:50615395",27904.6602,104.2241,33859.8398,38425.1836,11313.6875,2564.7581,0.2164,0.7145,0.1669,0.1527,0.1177,0.1814,"ENSG00000006283",2.21009714736157,"YYSDYSRFR","WT_chr17_506153",30774.9746,289.078,36021.2148,40107.3203,14908.293,2717.7493,1,"YYSDYSCFR",1.58,0.731579,2.36419131058025e-11,1,104.2241,0.7145,289.078,77,1,14.6400392228837,1.247,3.344
"82","GLWFHPEKL","chr17:51161797",829.142,32891.043,28345.9004,23794.1543,17486.7637,11633.7021,0.1868,0.1117,0.2742,0.2015,0.1275,0.1095,"ENSG00000239672",16.0863905115388,"GLWFHPEEL","WT_chr17_511617",715.8109,29519.6523,26578.8379,24461.3809,14311.4795,9138.4932,1,"GLWFHPEKL",0.976,0.898554,0,0,829.142,0.1868,715.8109,88,0.208849306795452,0.901629702284584,0.24,0.726
"83","HNFPKYSVK","chr17:63707305",24854.3594,175.674,34402.6797,28920.5742,27960.5762,12375.5176,0.1193,0.3034,0.1583,0.1259,0.0959,0.1098,"ENSG00000266173",8.40472493039179,"HDFPKYSVK","WT_chr17_637073",32738.0176,1348.6941,26699.9043,35705.3477,31351.709,27207.0254,1,"HNFPKYSVK",0.38,0.803558,0,0,175.674,0.3034,1348.6941,86,0.314860961004694,1.2223011439752,1.911,2.608
"84","RLILAYLLL","chr17:74947215",130.9731,28041.168,25942.9766,13336.5225,21507.7969,15978.0879,0.3671,0.1452,0.4793,0.3805,0.1833,0.134,"ENSG00000182938",0.101530363784794,"RLILAYSLL","WT_chr17_749472",106.819,26300.209,26816.2832,9343.1514,15610.3447,11173.0566,1,"RLILAYLLL",1.428,0.868586,4.18891702949479e-24,1,130.9731,0.3671,106.819,64,0.250821443512214,9.79896731862514,0.332,1.412
"85","SLMRLDCFR","chr17:82091018",12879.3242,30.5255,27001.168,28567.2793,22836.6855,19467.457,0.2883,0.8657,0.1375,0.1853,0.1129,0.1231,"ENSG00000169710",30.2989944287679,"SLMRLDRFR","WT_chr17_820910",17040.7344,91.9912,30035.1445,31967.5859,26909.8691,23499.6777,1,"SLMRLDCFR",1.67,0.111472,0,1,30.5255,0.8657,91.9912,70,0.462452036475645,14.6400392228837,1.792,2.714
"86","SSSGVWAAF","chr18:2567039",93.8512,1357.3754,10818.084,235.922,15490.8828,6709.437,0.5135,0.3126,0.373,0.9014,0.1492,0.2096,"ENSG00000101574",5.06527251302733,"SSSGVCAAF","WT_chr18_256703",392.1401,3180.7715,13376.6973,639.7825,15314.2324,9684.9775,1,"SSSGVWAAF",2.671,0.827983,3.15461302448876e-09,2,93.8512,0.5135,392.1401,64,0.739923258361032,15.3579262296204,0.571,1.216
"87","FNMLQGGKW","chr19:38808849",13637.5537,27036.8359,7272.5811,1156.3002,25936.8047,17107.9805,0.1559,0.1069,0.2128,0.3079,0.1266,0.1162,"ENSG00000171747",0.0965785993506773,"FNTLQGGKW","WT_chr19_388088",27445.3379,32997.6133,19159.4414,3587.8303,31185.5879,25110.334,1,"FNMLQGGKW",0.749,0.598207,0.00743864589107635,1,1156.3002,0.3079,3587.8303,84,0.551006681758215,4.50889957801469,9.798,2.93
"88","WLQISFTAK","chr19:4323146",25377.9941,1213.1647,35453.9805,38830.1641,21761.5469,28194.7949,0.1241,0.283,0.1311,0.0966,0.118,0.1283,"ENSG00000105255",0,"WLQVSFTAK","WT_chr19_432314",24943.5273,1168.7906,35188.3789,38427.2656,21123.8066,27871.7656,1,"WLQISFTAK",0.566,0.936733,0,1,1213.1647,0.283,1168.7906,87,0.312015831838989,0.858682205366925,0.728,3.998
"89","HQKGCCHQW","chr19:45160064",3918.6631,32862.5898,4075.502,2411.5962,30814.6152,20423.9453,1.2712,0.2887,1.2339,1.705,0.154,0.2622,"ENSG00000179846",0.214483959095333,"HRKGCCHQW","WT_chr19_451600",17495.2812,37576.1758,17931.8477,15173.2197,35566.1719,6082.874,1,"HQKGCCHQW",0.837,0.945257,0,0,2411.5962,1.705,15173.2197,101,0.385376697063037,1.09268653497961,0.537,0.289
"90","HRGRCVTVF","chr19:46388690",17104.4609,39736.3008,21794.5234,27114.4531,21956.9043,622.0015,0.1958,0.164,0.8836,0.2177,0.1181,0.152,"ENSG00000011485",4.66823926780675,"HGGRCVTVF","WT_chr19_463886",13333.3408,34442.5469,30832.3066,8415.0947,23195.7695,18720.5059,1,"HRGRCVTVF",2.641,0.951353,9.4567652416503e-11,0,622.0015,0.152,18720.5059,76,0.266982618996249,6.30876013920009,0.083,0.045
"91","DGIPLPYDK","chr19:49490850",40791.8086,761.5685,40435.8594,37365.3594,41363.3516,37130.3828,0.0827,0.1794,0.0826,0.0777,0.0652,0.0707,"ENSG00000142541",495.373202164625,"DGIPPPYDK","WT_chr19_494908",42179.5703,1017.4649,42146.7227,39124.0859,40590.168,36859.8047,1,"DGIPLPYDK",-0.154,0.819128,0.999999579070477,1,761.5685,0.1794,1017.4649,76,0.242030972361085,18.0284816993998,0.826,3.039
"92","QGSPSRDPR","chr19:5687797",39868.9336,862.4579,43827.4219,36750.6875,39966.5508,36101.9844,0.1311,0.1736,0.0831,0.0896,0.0709,0.0755,"ENSG00000167733",2.04975241951889,"QGSPGRDPR","WT_chr19_568779",40461.6836,1223.5662,44421.8086,38294.4414,40429.3164,36527.1133,1,"QGSPSRDPR",1.381,0.140876,1.57730649234122e-08,0,862.4579,0.1736,1223.5662,81,0.30830135765043,6.47101446268078,2.814,2.178
"93","TVIRGGATR","chr19:5687798",25306.9824,11.4962,38936.1875,33020.8398,32148.6543,24682.8379,0.2299,1.7819,0.1248,0.1773,0.107,0.1192,"ENSG00000167733",2.04975241951889,"AVIRGGATR","WT_chr19_568779",21877.9336,63.0598,35579.6367,31598.2539,31820.9316,26019.4316,1,"TVIRGGATR",1.719,0.837256,0,0,11.4962,1.7819,63.0598,70,0.299968888524743,0.721455766460177,0.032,0.016
"94","KFFRQSTHL","chr19:58068324",774.2222,28520.9453,30059.8516,14954.167,9333.9551,2686.7,0.3327,0.1287,0.2335,0.3424,0.2072,0.1421,"ENSG00000176293",4.13942678550706,"KSFRQSTHL","WT_chr19_580683",229.9815,25430.2246,31697.2207,152.9804,19310.7422,4501.8682,1,"KFFRQSTHL",1.311,0.97604,0,2,774.2222,0.3327,229.9815,76,0.545845026659778,6.42807369934706,1.011,0.574
"95","VDYAPSSTL","chr2:111997352",14423.7158,33512.8594,15443.5215,26226.6152,21013.707,17015.125,0.1087,0.1025,0.4697,0.1723,0.1197,0.1075,"ENSG00000153208",25.3004593625581,"VDYAPSSTP","WT_chr2_1119973",38774.7344,42900.3359,28192.6504,37030.0898,42348.3125,43596.6289,1,"VDYAPSSTL",1.114,0.974894,0,1,14423.7158,0.1087,38774.7344,70,0.264258306557511,10.3617236445877,3.428,5.128
"96","RVIINSIHK","chr2:195934608",11868.916,909.112,35553.4648,20735.0059,28719.4355,21245.0566,0.2736,0.519,0.1427,0.2574,0.1071,0.0973,"ENSG00000118997",1.56332191823165,"RVMINSIHK","WT_chr2_1959346",6280.5669,811.7789,31135.0273,17951.0664,22101.5879,16139.6787,1,"RVIINSIHK",0.749,0.929646,0,1,909.112,0.519,811.7789,78,0.189723912400265,2.64970130535171,0.303,1.232
"97","ITSPHTTLY","chr2:206004902",763.0699,228.8497,18102.0332,393.7899,10366.9375,718.4489,0.4951,0.799,0.6913,4.8266,0.1239,0.1826,"ENSG00000114933",11.1080843979398,"ITSPHTTSY","WT_chr2_2060049",730.1487,634.2823,21442.9668,754.8257,16011.3125,1236.4883,1,"ITSPHTTLY",2.899,0.976381,2.36419131058025e-11,1,228.8497,0.799,634.2823,75,0.448438338400625,5.51888760071262,0.022,0.089
"98","LHCAAGEAL","chr2:37049742",30536.4883,33595.6289,33792.1289,34996.625,24178.7695,10355.7246,0.1067,0.1014,0.3354,0.1287,0.208,0.1924,"ENSG00000008869",53.2784976268669,"LRCAAGEAL","WT_chr2_3704974",32189.0254,38597.6719,36116.8164,37377.4805,27632.7617,2085.3472,1,"LHCAAGEAL",0.984,0.474887,0,0,10355.7246,0.1924,2085.3472,72,0.272030609691556,1.63981311237968,20.324,13.335
"99","KYHVVCFTR","chr2:50091394",16269.9453,2873.0195,36113.3008,36016.543,31994.2344,21416.998,0.9463,0.2264,0.1821,0.3575,0.0991,0.1276,"ENSG00000179915",0.938970931133727,"KYHVVRFTR","WT_chr2_5009139",11526.7061,2275.3228,36724.4609,33943.8398,29025.9023,13919.9062,1,"KYHVVCFTR",1.856,0.935937,0.5,1,2873.0195,0.2264,2275.3228,73,0.355732335750496,15.5945228836875,0.497,1.546
"100","QENEGVFFS","chr2:85401865",39789.2031,29796.2598,2407.3726,40459.0742,37799.2227,36849.8438,0.0862,0.1211,0.31,0.1049,0.0925,0.0909,"ENSG00000042493",26.6522852001731,"QENQGVFFS","WT_chr2_8540186",41033.0703,33314.7383,2040.5526,40791.3633,38889.8594,37825,1,"QENEGVFFS",-2.308,0.126682,0.99261627899484,0,2407.3726,0.31,2040.5526,82,0.430187940907577,1.9247135013336,0.184,1.103
"101","QMSICSEDK","chr2:8731110",30122.3574,2241.6011,34058.9844,34625.9961,37088.2383,39432.6406,0.1083,0.155,0.1084,0.1041,0.0764,0.083,"ENSG00000134313",48.4645782423338,"RMSICSEDK","WT_chr2_8731110",17095.584,5646.8105,35200.1836,28215.8594,32221.7793,34591.9375,1,"QMSICSEDK",0.749,0.616513,0,0,2241.6011,0.155,5646.8105,82,0.298356152564932,0.599859398221333,18.736,19.232
"102","HLHNAASKL","chr2:8785795",4832.5444,27271.2852,32897.4492,25069.8828,16427.7285,5026.6113,0.201,0.1997,0.2885,0.1866,0.196,0.1844,"ENSG00000134313",48.4645782423338,"RLHNAASKL","WT_chr2_8785795",274.4688,37119.5352,30910.1328,13954.5918,12292.2373,5179.2632,1,"HLHNAASKL",1.014,0.973006,0,0,4832.5444,0.201,274.4688,74,0.225194035153358,0.900219116185848,1.845,0.597
"103","PLPHPVRPK","chr20:20033172",40369.8594,13888.6113,46521.2539,45003.3008,39536.8672,40345.8359,0.1059,0.1588,0.0774,0.0824,0.0767,0.076,"ENSG00000173418",53.3263451431568,"PLPHPVRPE","WT_chr20_200331",46714.4453,39520.1953,47861.4844,46892.6836,44214.168,46055.4805,1,"PLPHPVRPK",-0.002,0.920735,3.15461302448876e-09,0,13888.6113,0.1588,39520.1953,87,0.80232642472883,1.12361189004339,12.388,15.335
"104","ESCHTEGTY","chr20:32025874",27333.8984,1817.0443,29791.4375,14613.7871,40568.2109,28537.6133,0.1407,0.2575,0.2036,0.2581,0.0868,0.1262,"ENSG00000101331",1.23429839235863,"ESCHTDGTY","WT_chr20_320258",28283.7051,1804.3092,27902.248,15602.4141,40310.4922,28211.2734,1,"ESCHTEGTY",2.824,0.8776,5.61627875079912e-05,0,1817.0443,0.2575,1804.3092,87,0.584149940811341,3.26592930706661,1.974,3.876
"105","FSFTAFVKR","chr20:32234560",16244.6152,6.4611,35625.0977,17556.1445,23936.9512,11672.917,0.2131,4.0549,0.2073,0.2313,0.1093,0.1356,"ENSG00000101346",3.97526292067447,"SSFTAFVKR","WT_chr20_322345",11984.0186,11.3802,30404.9473,16018.7588,26036.0508,15961.6709,1,"FSFTAFVKR",1.589,0.862643,0,2,6.4611,4.0549,11.3802,71,0.360938174810259,3.52886239335296,0.022,0.071
"106","GRVLVGQTL","chr20:34072315",28456.5293,41011.75,26368.8887,35116.4922,23904.8652,801.7495,0.1202,0.096,0.3538,0.135,0.0955,0.1011,"ENSG00000125970",4.96416314538148,"GRVLAGQTL","WT_chr20_340723",30339.5449,42425.8125,27381.2695,35892.8164,24039.7363,952.8194,1,"GRVLVGQTL",1.201,0.976238,0,1,801.7495,0.1011,952.8194,70,1,7.75773371522414,0.651,0.525
"107","SVFETNIQV","chr20:35142374",284.3136,3232.4302,27331.5352,13597.4814,22371.7617,4148.9126,0.1662,0.3034,0.2382,0.2053,0.1995,0.1371,"ENSG00000088298",20.0340200573332,"SVFETNIRV","WT_chr20_351423",400.4149,3904.8638,28286.7695,13420.9141,22373.2188,4441.0547,1,"SVFETNIQV",0.772,0.965781,0,0,284.3136,0.1662,400.4149,74,0.199979259016495,1.10019765479514,1.043,1.518
"108","MRLNLGQEV","chr20:44257257",19206.3535,34994.7266,21175.7598,32597.3281,18798.043,138.6387,0.1469,0.1246,0.3294,0.1782,0.1267,0.1178,"ENSG00000124194",0,"MRLNLGEEV","WT_chr20_442572",21991.3691,33009.043,24302.5664,33039.0508,21284.6348,380.7637,1,"MRLNLGQEV",0.481,0.173691,0,0,138.6387,0.1178,380.7637,78,1,2.22577134238958,5.031,2.149
"109","DLGEDHFGR","chr20:47246066",40127.2969,457.4221,42748.8242,43941.3906,38954.7227,38782.7148,0.1007,0.3613,0.0854,0.0771,0.0663,0.0787,"ENSG00000101040",30.790598492661,"DLGEDHSGR","WT_chr20_472460",45230.7734,1314.1934,44210.832,45441.6953,41662.957,41644.4766,1,"DLGEDHFGR",1.034,0.910581,0,2,457.4221,0.3613,1314.1934,74,0.441745228872258,11.4917119357657,0.355,0.956
"110","PANWVSIDK","chr20:59992414",35896.707,2319.0398,40595.0117,30851.998,41117.0703,40150.75,0.0982,0.2558,0.1066,0.1108,0.0787,0.088,"ENSG00000124215",4.19973249029231,"PANWVSVDK","WT_chr20_599924",36029.7852,1819.562,40697.0312,30670.9336,41178.9531,40236.418,1,"PANWVSIDK",-0.196,0.692355,0,1,2319.0398,0.2558,1819.562,89,0.284585868600397,0.992994668350031,2.776,10.546
"111","LTAVPGLGK","chr22:25028059",22645.5,71.7273,36700.6211,19361.1582,24744.6133,22885.1602,0.1396,0.9362,0.1568,0.1587,0.0968,0.0908,"ENSG00000197077",8.98711246521269,"LTAVPGLGE","WT_chr22_250280",36663.3125,6189.8315,41253.4062,23874.8672,35984.9922,37984.5273,1,"LTAVPGLGK",0.578,0.669044,0,0,71.7273,0.9362,6189.8315,71,0.178294761050851,1.12361189004339,0.718,1.216
"112","RMLCAGYHK","chr22:37066850",1656.7966,1783.4829,23754.7949,17268.0977,18679.0332,21644.3691,0.5202,0.302,0.1761,0.36,0.1274,0.1206,"ENSG00000187045",0.750956576038829,"RMLCAGYRK","WT_chr22_370668",1652.5176,2595.3818,25958.1387,17332.8672,19939.6387,23597.7695,1,"RMLCAGYHK",0.703,0.848082,0,0,1656.7966,0.5202,1652.5176,82,0.201797252280281,1.65108517656996,2.434,3.565
"113","DSFGSAVLR","chr22:42213152",26118.1523,5.3522,35362.4141,28101,34702.5195,18173.2695,0.1445,1.8792,0.1086,0.1143,0.0708,0.0897,"ENSG00000100207",86.9438348543785,"DSFGSAVPR","WT_chr22_422131",24232.4531,4.8307,35149.5508,29606.0176,34923.2383,20925.4531,1,"DSFGSAVLR",1.422,0.857368,0,1,5.3522,1.8792,4.8307,67,0.468965445440091,8.31464840093846,0.011,0.015
"114","KVHLARWGI","chr22:44285635",57.9249,22116.1738,31829.5312,1973.4579,24718.6465,7450.5146,0.8364,0.1799,0.2707,0.6978,0.1907,0.1294,"ENSG00000138944",0.964891879677797,"KVYLARWGI","WT_chr22_442856",14.6074,12936.1621,27856.0957,1132.2205,23666.8086,6058.2412,1,"KVHLARWGI",0.803,0.905499,0,0,57.9249,0.8364,14.6074,79,0.389433293874227,5.39927008858867,0.05,0.06
"115","VIMPMVVVI","chr22:50281402",30.3008,18660.4434,26269.7812,6920.978,21776.625,7835.3789,0.3058,0.1912,0.3711,0.6414,0.3161,0.1452,"ENSG00000196576",48.9639658037778,"VIVPMVVVI","WT_chr22_502814",309.9091,23926.0723,35596.1875,12245.5146,31483.5918,15287.2539,1,"VIMPMVVVI",0.838,0.717885,0,1,30.3008,0.3058,309.9091,72,0.160852882252398,2.42288846431005,0.126,0.33
"116","VAQGQPAVL","chr3:118930220",12514.2021,35335.6484,36122.293,11348.2588,15414.1494,7423.3159,0.1549,0.1306,0.2542,0.3491,0.229,0.1531,"ENSG00000144847",0.391075314272109,"VARGQPAVL","WT_chr3_1189302",12436.8604,34006.7031,38661.625,7068.9326,20433.8926,5464.6313,1,"VAQGQPAVL",0.988,0.950397,0,0,7423.3159,0.1531,5464.6313,72,0.47566495180352,1.66771760795037,2.017,1.007
"117","FCLGCGEFK","chr3:122913552",38553.8633,1726.7462,40375.9766,33042.6328,34189.332,34907,0.1031,0.4051,0.1227,0.1346,0.0861,0.0876,"ENSG00000082684",0.451470814284697,"SCLGCGEFK","WT_chr3_1229135",38445.1367,4053.8628,37032.9062,33459.2344,37957.8359,38124.1211,1,"FCLGCGEFK",0.549,0.135917,0,2,1726.7462,0.4051,4053.8628,80,0.61660271530086,3.52886239335296,12.479,12.679
"118","QEYRGIIRH","chr3:136327171",38870.5039,31638.2812,2040.7289,40006.7812,42626.8945,34787.1055,0.1269,0.1473,0.6327,0.1306,0.094,0.1141,"ENSG00000114054",7.32571500013661,"QEYGGIIRH","WT_chr3_1363271",37783.6719,25825.3418,1428.775,39777.168,41309.6875,32766.0039,1,"QEYRGIIRH",-0.317,0.666566,0,0,2040.7289,0.6327,1428.775,75,0.668605353940691,9.7528926872039,0.663,0.703
"119","VSYVGEELW","chr3:143985612",561.681,18627.7617,12280.2725,9.1144,29046.6328,14190.7422,0.4084,0.1529,0.4921,10.2792,0.0935,0.105,"ENSG00000181744",5.63322358833379,"VNYVGEELW","WT_chr3_1439856",5673.5122,27703.4023,7951.959,316.2944,32187.9883,23008.3145,1,"VSYVGEELW",1.328,0.854445,9.4567652416503e-11,0,9.1144,10.2792,316.2944,82,0.661520793898936,2.27890228528291,0.036,0.032
"120","EAGESLEPR","chr3:15049860",42107.0859,48.5083,41567.9492,37764.4766,40145.1055,37625.4023,0.1168,1.3012,0.1317,0.1078,0.084,0.1007,"ENSG00000131368",12.148486195863,"EAGGSLEPR","WT_chr3_1504986",40687.3477,33.2146,41225.2969,37483.5977,40251.6523,37361.7188,1,"EAGESLEPR",1.324,0.433401,0,0,48.5083,1.3012,33.2146,70,0.792774919672534,7.86332948526251,0.273,0.396
"121","GRFAQGLRL","chr3:171612302",16861.5391,37000.8477,24752.6406,28528.9648,16288.9688,130.1369,0.159,0.1056,0.3633,0.1457,0.0986,0.1186,"ENSG00000075651",22.5274708959019,"GRFARGLRL","WT_chr3_1716123",15254.0459,36217.7891,24913.0469,28165.8262,13111.6025,57.1239,1,"GRFAQGLRL",1.248,0.976663,8.41858691761815e-07,0,130.1369,0.1186,57.1239,73,0.231226018237822,2.38553602374311,1.207,0.326
"122","REQELTAQI","chr3:184188376",10351.2441,41015.3203,294.1611,26873.5,20297.7188,19883.4082,0.1759,0.1034,2.1754,0.2366,0.1739,0.1118,"ENSG00000161204",17.5140754975739,"RERELTAQI","WT_chr3_1841883",11939.2461,41964.707,2078.2744,24277.5977,23392.1113,15171.0869,1,"REQELTAQI",0.743,0.937894,0,0,294.1611,2.1754,2078.2744,74,0.269063003040375,1.66771760795037,0.119,0.12
"123","VAYVQQKFV","chr3:47428635",11119.6328,23359.7285,34237.8047,4853.8711,25585.5977,5158.0132,0.1417,0.1578,0.209,0.2739,0.1877,0.1125,"ENSG00000114650",18.9733034426646,"VAYVQQIFV","WT_chr3_4742863",2339.3271,10796.2129,32209.584,2946.7837,19734.8848,3743.8032,1,"VAYVQQKFV",0.471,0.467625,0,0,4853.8711,0.2739,2946.7837,71,0.672657507600938,13.0581439566202,3.966,1.762
"124","ADKDLEPPY","chr3:51381241",39202.4844,35047.7812,9467.6104,37271.6641,38762.9844,39847.8008,0.1204,0.1284,0.3857,0.1639,0.0917,0.1293,"ENSG00000088538",6.75462781358177,"ADEDLEPPY","WT_chr3_5138124",43205.9219,38195.1172,15697.0625,41396.043,37916.3672,41531.5352,1,"ADKDLEPPY",2.9,0.925041,0,0,9467.6104,0.3857,15697.0625,82,0.302009493208584,1.36672144663955,4.602,5.549
"125","YMATNQDFI","chr3:52487278",3567.7793,14653.377,22009.4746,14880.8877,5115.8276,3424.3589,0.1643,0.157,0.1971,0.2015,0.2025,0.114,"ENSG00000010322",18.6547663403581,"YTATNQDFI","WT_chr3_5248727",7955.4004,3878.8413,30043.9199,5380.6738,11387.4961,3752.7642,1,"YMATNQDFI",0.623,0.409949,0.996266792048467,1,3424.3589,0.114,3752.7642,78,0.142292934300198,2.95422548337003,1.539,1.514
"126","PVQPVVQHR","chr3:8985636",39049.6758,951.8822,44280.7148,39670.5703,40412.6836,39897.8438,0.208,0.9135,0.1026,0.1319,0.0811,0.0948,"ENSG00000196220",2.2880385753747,"PVRPVVQHR","WT_chr3_8985636",37531.0547,1465.3158,45258.668,38833.9453,42040.1445,35839.6641,1,"PVQPVVQHR",1.243,0.94258,3.15461302448876e-09,0,951.8822,0.9135,1465.3158,82,0.647432851065903,1.66771760795037,0.432,0.747
"127","LSIPNFLTH","chr3:9678013",13594.5352,4332.9336,32192.8672,3457.6814,34195.2383,13131.3359,0.2345,0.3144,0.3684,0.5806,0.1297,0.1697,"ENSG00000163719",13.7060594146613,"LSIPDFLTH","WT_chr3_9678013",19393.4492,6377.2573,33048,4711.7275,37548.5352,20776.3281,1,"LSIPNFLTH",-0.567,0.707289,0,0,3457.6814,0.5806,4711.7275,79,0.189723912400265,2.66850859553208,0.937,3.096
"128","TLPCIYFWR","chr4:186076652",18802.9297,13.0788,37592.4414,37036.1055,28446.0527,23802.1348,0.1522,0.6118,0.1288,0.1088,0.0879,0.1098,"ENSG00000164342",4.59689140826703,"TLPCIYFWG","WT_chr4_1860766",20794.7734,18663.8848,36294.2734,31407.0371,37826.2188,38470.1133,1,"TLPCIYFWR",1.432,0.435777,0,0,13.0788,0.6118,18663.8848,85,0.115613009118911,7.91602678967751,0.405,5.072
"129","YFWEGLLPF","chr4:186076653",354.4216,8177.9502,10113.9971,16416.1836,4129.4766,4622.9497,0.2126,0.1529,0.2555,0.1845,0.2814,0.1681,"ENSG00000164342",4.59689140826703,"YFWGGLLPF","WT_chr4_1860766",320.2893,7624.9541,11753.7754,16107.9219,5479.5518,5729.8374,1,"YFWEGLLPF",2.863,0.947914,0,0,354.4216,0.2126,320.2893,82,0.11471678424202,7.86332948526251,0.153,0.152
"130","VLIYVCVFR","chr4:52743992",21651.6289,32.6661,37556.2617,39718.6719,36999.2461,34369.2148,0.3156,3.4598,0.1652,0.214,0.1212,0.1391,"ENSG00000226887",1.0651598527847,"VLIYVRVFR","WT_chr4_5274399",14707.2178,14.5219,37973.4336,37488.457,33213.9766,27659.0762,1,"VLIYVCVFR",1.53,0.362634,0.992561354108924,1,32.6661,3.4598,14.5219,65,0.30830135765043,15.5945228836875,0.134,1.164
"131","YENDCIFNK","chr4:6329295",32245.8516,1453.9446,3562.8406,37655.5273,24739.252,18679.6348,0.187,0.5387,0.799,0.1925,0.1325,0.1705,"ENSG00000074211",14.1639162420196,"YENDCIFDK","WT_chr4_6329295",36603.0703,4443.9399,5830.7148,40167.2734,29470.5195,25727.7285,1,"YENDCIFNK",0.263,0.837384,0,0,1453.9446,0.5387,4443.9399,87,0.899906665574228,1.2307032337321,0.675,1
"132","AIITHVLPF","chr4:99279492",69.6569,9090.6631,8528.9453,8589.8809,21419.084,14583.4619,0.5273,0.2508,0.4208,0.5083,0.1845,0.1987,"ENSG00000187758",1.13131264518397,"ALITHVLPF","WT_chr4_9927949",61.8215,16606.4453,4743.5425,12592.8447,18202.5918,14080.165,1,"AIITHVLPF",2.737,0.938963,0,1,69.6569,0.5273,61.8215,79,0.672657507600938,0.712378586757239,0.225,0.839
"133","RALLSAVTW","chr5:138810144",55.0696,30566.9102,5405.4131,7.7286,26171.332,16888.5723,1.0332,0.1473,0.9895,17.6307,0.1242,0.1502,"ENSG00000044115",61.2444492427113,"RALLSAVTR","WT_chr5_1388101",8710.8984,1047.0146,35845.0938,14093.2744,29324.1973,20543.4043,1,"RALLSAVTW",1.21,0.805212,0,2,7.7286,17.6307,14093.2744,61,0.261149385303894,7.7194369945697,0.039,0.08
"134","THRGFDTFL","chr5:150298441",25878.209,29681.0723,36313.9141,32386.4023,21387.5996,2954.0312,0.1176,0.1003,0.2408,0.1319,0.1504,0.1574,"ENSG00000183876",0.586074629739694,"TRRGFDTFL","WT_chr5_1502984",27765.5215,34202.2773,37954.9453,33981.6875,22220.2656,174.7696,1,"THRGFDTFL",0.845,0.935598,0,0,2954.0312,0.1574,174.7696,76,0.211406645246009,1.63981311237968,0.95,3.497
"135","IIEAAKAAK","chr5:160092451",33359.8242,887.4103,43990.3867,38065.9922,28950.3203,34221.1406,0.1261,0.214,0.1013,0.1017,0.0939,0.1022,"ENSG00000170234",15.0876615954128,"ITEAAKAAK","WT_chr5_1600924",31783.4199,340.2223,42845.1484,27236.1855,27002.6309,28643.7266,1,"IIEAAKAAK",0.626,0.703357,0,1,887.4103,0.214,340.2223,67,0.770753394126075,3.9384773320781,8.91,3.784
"136","LGDTVLAYW","chr5:172670170",9844.7217,29941.6934,18797.8359,404.1802,17158.2109,21577.2617,0.1809,0.1415,0.2838,1.2749,0.0981,0.096,"ENSG00000214357",0.477180065907612,"LRDTVLAYW","WT_chr5_1726701",15430.5,34007.8008,13439.8037,7772.9751,17290.1621,2710.7876,1,"LGDTVLAYW",0.6,0.938384,0,0,404.1802,1.2749,7772.9751,74,0.17937533536025,6.30876013920009,0.03,0.145
"137","FRQKQYLFI","chr5:174729281",24282.0586,38560.9492,32147.5977,33209.2852,11824.6953,65.9094,0.1539,0.1373,0.3217,0.1818,0.1647,0.1044,"ENSG00000120149",3.43226302031609,"FRQKQYLSI","WT_chr5_1747292",20909.1582,41059.7031,32052.4531,33479.5273,13351.1006,59.9306,1,"FRQKQYLFI",0.715,0.533139,0,2,65.9094,0.1044,59.9306,76,0.160852882252398,6.47226023427102,1.633,2.317
"138","SQSNFSEPL","chr5:177135205",1637.9561,21130.2109,7828.0903,23793.125,18312.4238,11519.0967,0.2675,0.1325,1.159,0.2448,0.1624,0.2087,"ENSG00000165671",81.6361944246988,"GQSNFSEPL","WT_chr5_1771352",4165.0596,29487.4199,13118.8428,28910.877,22009.9414,18117.707,1,"SQSNFSEPL",1.22,0.95097,0,0,1637.9561,0.2675,4165.0596,79,0.140136980750195,1.62718097854356,1.782,2.824
"139","DQSNFSEPL","chr5:177135206",17152.834,24521.0039,15789.7285,34311.6133,28256.4863,19607.3906,0.1474,0.1452,0.5431,0.1428,0.1173,0.1526,"ENSG00000165671",81.6361944246988,"GQSNFSEPL","WT_chr5_1771352",4165.0596,29487.4199,13118.8428,28910.877,22009.9414,18117.707,1,"DQSNFSEPL",0.851,0.942334,0,0,15789.7285,0.5431,13118.8428,77,0.138045384022581,2.30795690163535,5.453,8.755
"140","FLFPQTTWT","chr5:177332254",22079.832,13310.1357,38170.3438,35097.8828,14721.3857,7730.0337,0.1179,0.1934,0.1496,0.1086,0.1502,0.1309,"ENSG00000169223",30.6713881480523,"FLLPQTTWT","WT_chr5_1773322",30657.3281,28055.4219,40011.9648,38017.4141,16727.9824,16830.0117,1,"FLFPQTTWT",-0.814,0.452963,5.61627875079912e-05,2,7730.0337,0.1309,16830.0117,86,1,5.258898534298,2.102,3.586
"141","DLHLGLPQK","chr5:5182257",37494.1406,623.5579,40742.4102,42944.4609,34070.7812,32242.3574,0.1122,0.3284,0.1069,0.0868,0.0789,0.0872,"ENSG00000145536",0.283204429359802,"DLRLGLPQK","WT_chr5_5182257",37566.8242,1338.9807,41876.2773,42988.6289,34462.3008,33033.3398,1,"DLHLGLPQK",0.252,0.975376,0,0,623.5579,0.3284,1338.9807,75,0.887907910033238,2.50277194210553,1.405,1.533
"142","RQMAVEREL","chr5:65576936",280.2938,35141.5703,8057.9688,9631.374,15494.2402,8042.0308,0.5239,0.1149,1.0925,0.7153,0.1403,0.1649,"ENSG00000113593",49.7441794361423,"RRMAVEREL","WT_chr5_6557693",8175.1187,37281.7617,23375.6738,23045.9297,15407.9766,234.3853,1,"RQMAVEREL",1.309,0.9205,0,0,280.2938,0.5239,8175.1187,76,0.211406645246009,1.09268653497961,0.269,0.073
"143","LAVNRVNLR","chr6:117569627",26637.5762,26.5495,39750.9102,25330.543,33026.9102,14218.4072,0.2731,1.9186,0.1684,0.2283,0.1068,0.1212,"ENSG00000047932",11.6229674963918,"LAVNGVNLR","WT_chr6_1175696",29387.4102,16.9312,39614.3789,25541.6289,34302.6953,20752.7324,1,"LAVNRVNLR",1.628,0.809925,0,0,26.5495,1.9186,16.9312,66,0.172075176363031,13.7731857174365,0.419,0.411
"144","CVIPFDSEE","chr6:134918680",33992.3633,2628.759,38226.5352,26809.9023,39016.2969,38434.3281,0.0876,0.1434,0.1081,0.1051,0.0887,0.094,"ENSG00000118514",0.668018816115433,"CVVPFDSEE","WT_chr6_1349186",37193.125,4341.4731,39678.7344,29396.623,40473.9492,40303.9688,1,"CVIPFDSEE",-1.389,0.205839,0.5,1,2628.759,0.1434,4341.4731,88,0.228842244853927,0.847754211345264,5.167,9.89
"145","LTVQQQEDR","chr6:152220944",41243.5898,296.2179,44829.3242,32912.3906,43693.4258,39840.4805,0.1831,0.814,0.1151,0.1895,0.0831,0.0921,"ENSG00000131018",30.3868626465501,"STVQQQEDR","WT_chr6_1522209",40262.5547,150.2312,42953.2969,33555.3086,43532.0391,39411.7422,1,"LTVQQQEDR",1.699,0.361829,0,1,296.2179,0.814,150.2312,74,0.393576201255868,3.00905621874925,6.709,0.984
"146","GLRNIFATL","chr6:169762483",735.1107,33272.2266,34466.7695,22971.248,19338.3477,10229.001,0.2994,0.148,0.1995,0.1984,0.2041,0.1703,"ENSG00000130023",29.9858262164169,"GLRNVFATL","WT_chr6_1697624",860.6121,33895.7578,34527.2383,22504.3242,19387.1602,10444.0557,1,"GLRNIFATL",0.854,0.979049,0.00743864589107635,1,735.1107,0.2994,860.6121,78,0.222868451313564,1.21264427550749,0.24,0.678
"147","KTGGSGEVY","chr6:18217832",6246.4785,18075.6113,30311.9883,1502.0916,32174.7461,19827.3359,0.4102,0.2315,0.3013,2.0159,0.088,0.1296,"ENSG00000165097",21.0142000907074,"KTGGSGEAY","WT_chr6_1821783",6409.6284,14939.7744,29618.832,3140.8269,32870.75,21747.6582,1,"KTGGSGEVY",2.894,0.718485,0,1,1502.0916,2.0159,3140.8269,75,0.396387459836267,3.57782919858094,0.733,0.33
"148","QLASGYLQL","chr6:30186533",1063.8812,24005.6836,25157.6484,21531.3203,17050.8809,12265.6689,0.153,0.1986,0.2796,0.1539,0.1688,0.1264,"ENSG00000234127",7.0617998238948,"QSASGYLQL","WT_chr6_3018653",2636.4773,16628.3711,28399.3105,2371.9004,21526.1973,7664.5781,1,"QLASGYLQL",0.859,0.974837,0,1,1063.8812,0.153,2636.4773,70,0.584149940811341,5.48120980178559,0.502,1.435
"149","TFMLSTTLR","chr6:43253616",27082.5059,52.4667,33337.0898,38014.9648,20005.9883,12950.8701,0.1449,0.3547,0.1299,0.1217,0.0925,0.0962,"ENSG00000146216",0.0680928682613732,"TFTLSTTLR","WT_chr6_4325361",35899.8086,111.288,40253.832,40485.7773,26211.2949,18930.3066,1,"TFMLSTTLR",1.666,0.664879,0,1,52.4667,0.3547,111.288,71,0.304674282854543,4.50889957801469,0.447,2.058
"150","LSGSNLPSL","chr6:54137006",7427.3335,35054.2227,38765.0859,2810.2991,22970.0039,11511.7441,0.1553,0.1283,0.2491,0.3134,0.1736,0.1217,"ENSG00000146147",1.15588414154996,"LSGSNLPSS","WT_chr6_5413700",37796.7617,33396.3086,41694.5117,16954.1152,39146.9531,38281.1797,1,"LSGSNLPSL",0.768,0.947616,0,1,2810.2991,0.3134,16954.1152,69,0.194716646937114,6.87764357392087,2.675,3.314
"151","QTQSVVFLY","chr6:70294395",335.017,83.8449,7908.8853,976.2687,27017.5234,7326.2886,0.4799,1.5956,0.6096,2.0943,0.1258,0.154,"ENSG00000112280",0.0361879013008275,"QTQSVVFSY","WT_chr6_7029439",268.1519,193.0075,10648.0732,1222.0836,29342.6035,9128.2148,1,"QTQSVVFLY",2.854,0.971743,0,1,83.8449,1.5956,193.0075,73,0.493282172240688,5.51888760071262,0.035,0.155
"152","RVGPAALII","chr6:87518842",110.268,34391.1445,32334.584,1456.2906,16576.1016,5964.1982,0.2391,0.1402,0.3215,0.6067,0.1443,0.1156,"ENSG00000146282",187.547765652428,"RVGLAALII","WT_chr6_8751884",253.0567,36880.5391,34017.3633,3579.3394,25622.1719,15800.1494,1,"RVGPAALII",0.587,0.710638,0,0,110.268,0.2391,253.0567,60,0.516225529089092,12.7660986306799,0.288,0.322
"153","IGTKPLIFK","chr6:96605997",29757.2773,2149.1658,40887.707,22722.0684,30302.4883,26975.4609,0.1072,0.2384,0.1049,0.1214,0.0842,0.0755,"ENSG00000112214",0.658068933983128,"IGTKPLISK","WT_chr6_9660599",29214,5187.563,41932.9453,22711.2578,32375.8984,29315.3281,1,"IGTKPLIFK",0.04,0.36358,0,2,2149.1658,0.2384,5187.563,69,0.295969303344413,6.47226023427102,1.946,5.752
"154","GRRMRRLFF","chr7:100091774",22975.2188,40185.0977,32515.2559,32878.2344,21712.3848,581.7708,0.1996,0.1146,0.3397,0.1635,0.0831,0.1013,"ENSG00000168090",22.7966954108574,"GRRMRGLFF","WT_chr7_1000917",23118.8574,41260.5625,29438.3223,32636.5156,19845.7949,446.527,1,"GRRMRRLFF",2.62,0.486825,0,0,581.7708,0.1013,446.527,75,0.233046695546782,12.0137267837974,2.191,3.58
"155","SSPLLAKGR","chr7:100430676",39624.6758,403.1756,42586.7773,34449.9883,38308.9414,31510.8516,0.1278,0.1694,0.0819,0.0874,0.0646,0.0708,"ENSG00000146834",12.4364008229658,"SSPLPAKGR","WT_chr7_1004306",40148.1328,546.7504,43278.9023,35434.8008,35967.4766,31478.1504,1,"SSPLLAKGR",1.664,0.205542,2.36419131058025e-11,1,403.1756,0.1694,546.7504,68,0.272603305711959,18.0284816993998,0.554,0.584
"156","PTPDLEGDR","chr7:106869173",47475.7031,9400.1387,48261.3828,46003.1758,47040.0391,46632.1211,0.0808,0.1435,0.0624,0.0661,0.0568,0.0649,"ENSG00000105851",15.335639244618,"PTPDPEGDR","WT_chr7_1068691",47951.1719,12512.7168,48327.2227,46255.7461,46872.9102,46786.7773,1,"PTPDLEGDR",0.919,0.383327,0,1,9400.1387,0.1435,12512.7168,75,0.432422683457746,18.0284816993998,13.389,10.769
"157","GTYHTNKAK","chr7:148415508",18331.2598,402.5785,39189.3398,25775.6582,33189.543,25637.1465,0.1411,0.4909,0.119,0.136,0.0949,0.1015,"ENSG00000174469",0.23956354937652,"GTYHTNEAK","WT_chr7_1484155",14902.4863,68.6951,38175.293,21681.168,31014.9844,26371.7305,1,"GTYHTNKAK",0.552,0.700199,0,0,402.5785,0.4909,68.6951,81,0.631641805917954,1.60087333270704,3.129,2.591
"158","RAFVQQCKL","chr7:149104924",892.0891,27089.5273,32860.4492,319.6834,21438.5703,4890.6152,0.534,0.1535,0.575,2.3502,0.2145,0.2197,"ENSG00000204947",1.93995418169546,"RAFVQQCEL","WT_chr7_1491049",861.1523,24412.9824,32663.3633,503.481,18900.0176,3727.272,1,"RAFVQQCKL",1.333,0.960788,0,0,319.6834,2.3502,503.481,81,0.382718926738465,0.901629702284584,3.949,0.875
"159","CSAYEFFYE","chr7:31338543",26631.2383,660.9039,33888.4375,10382.2051,34290.8398,37058.543,0.0988,0.2345,0.1453,0.1293,0.0833,0.0858,"ENSG00000164600",0,"CSAYESFYE","WT_chr7_3133854",31930.9531,1225.4346,36790.8828,11128.2988,36186.457,37331.8047,1,"CSAYEFFYE",-1.601,0.038928,0,2,660.9039,0.2345,1225.4346,81,0.234896272495566,12.2409347425057,0.788,12.763
"160","KIVDFGFSR","chr7:43619659",5930.542,49.2749,34260.4258,27281.0117,25169.0742,22551.1211,0.597,0.8867,0.1441,0.3477,0.1029,0.1038,"ENSG00000164543",28.4494118153023,"KIVDFGLSR","WT_chr7_4361965",9847.8135,181.5641,34997.7539,29912.8789,26368.0215,21241.1523,1,"KIVDFGFSR",1.807,0.719179,0,2,49.2749,0.8867,181.5641,75,0.554942443770774,6.15987291607204,0.043,0.194
"161","TLDYNDQIK","chr7:44107678",38668.332,4484.9014,42721.0703,40707.6094,25327.5215,34676.2344,0.1144,0.1511,0.1143,0.1039,0.083,0.085,"ENSG00000106624",172.577234754452,"TLDYNDQIE","WT_chr7_4410767",44632.3242,33936.1367,44996.4805,43598.5117,35336.0117,42375.8242,1,"TLDYNDQIK",0.09,0.739587,0,0,4484.9014,0.1511,33936.1367,79,0.462452036475645,1.12361189004339,1.403,1.546
"162","LILAWVAHK","chr7:45109148",9336.4834,149.432,35029.5898,27838.9258,31556.9141,28215.2402,0.37,1.0041,0.1823,0.2441,0.1513,0.1141,"ENSG00000136270",3.03740776744707,"LRLAWVAHK","WT_chr7_4510914",25992.9824,9659.1289,32869.6914,35946.8359,31987.6523,9984.499,1,"LILAWVAHK",0.747,0.85356,4.20929523062496e-07,1,149.432,1.0041,9659.1289,73,0.287747933807068,7.46174841691804,1.491,3.107
"163","DTYPPLMLY","chr7:55154053",3735.2249,46.0733,17001.3262,5554.9438,23646.8379,2114.3608,0.2026,0.8521,0.233,0.3924,0.0899,0.1266,"ENSG00000146648",32.4708376072824,"DTCPPLMLY","WT_chr7_5515405",13570.2891,209.8581,24139.3047,11879.4531,32547.291,12653.0781,1,"DTYPPLMLY",2.875,0.976434,0,2,46.0733,0.8521,209.8581,77,0.264258306557511,10.8523554776412,0.161,0.831
"164","YPSNCWAFK","chr7:869363",26915.9941,61.0537,26263.8184,24890.6758,17876.0664,18125.9453,0.1095,0.8181,0.2178,0.131,0.1934,0.1882,"ENSG00000164828",19.4112886094387,"YPGNCWAFK","WT_chr7_869363_",31260.916,430.7485,30952.3008,31221.709,23337.7598,24924.1035,1,"YPSNCWAFK",0.145,0.863806,0.999943837212493,0,61.0537,0.8181,430.7485,93,0.51383559608405,4.52385738605655,1.939,5.112
"165","FENYGCTCR","chr8:132041582",40986.9219,2839.5811,18802.9297,42797.4297,34217.0781,27473.2656,0.1716,0.3335,0.6119,0.1423,0.1247,0.1604,"ENSG00000253117",0,"FEDYGCTCR","WT_chr8_1320415",44243.832,9287.6172,28995.1445,45103.2188,30266.1035,29921.6191,1,"FENYGCTCR",1.021,0.565531,0.000112319266852865,0,2839.5811,0.3335,9287.6172,90,1,1.86554247240116,1.954,3.199
"166","EAASRCHKR","chr8:132141233",40907.1719,38.6808,39420.2578,37360.4922,38630.6953,30762.9902,0.1605,2.2002,0.1465,0.1256,0.1108,0.1176,"ENSG00000184156",1.4535164341289,"EAASRCHRR","WT_chr8_1321412",40816.5469,35.708,39128.3242,36737.5625,37775.9258,29712.8848,1,"EAASRCHKR",1.398,0.573441,0,0,38.6808,2.2002,35.708,85,0.681508264279898,0.685648252917859,0.052,0.024
"167","REESGAMGL","chr8:138616052",27823.8672,42067.918,2086.9509,35535.7695,17706.8516,19722.709,0.1023,0.0897,0.859,0.1245,0.0921,0.0799,"ENSG00000169436",2.87096229691745,"RGESGAMGL","WT_chr8_1386160",21168.1953,43134.9258,40752.5508,21358.2266,15899.2783,16971.9141,1,"REESGAMGL",0.774,0.890386,8.41858691761815e-07,0,2086.9509,0.859,40752.5508,69,0.569171737200794,5.08647651615279,0.424,0.554
"168","RRESGAMGL","chr8:138616053",18023.0781,42465.3125,30886.0605,33176.6172,11536.3066,499.8442,0.1285,0.0938,0.3987,0.1443,0.1,0.0966,"ENSG00000169436",2.87096229691745,"RGESGAMGL","WT_chr8_1386160",21168.1953,43134.9258,40752.5508,21358.2266,15899.2783,16971.9141,1,"RRESGAMGL",1.116,0.963346,8.41858691761815e-07,0,499.8442,0.0966,16971.9141,69,0.569171737200794,6.30876013920009,0.809,0.627
"169","LSFQVQKIY","chr8:30645360",4333.1655,3872.2581,23442.793,212.2328,34667.625,6376.4268,0.3132,0.2882,0.5171,2.3017,0.0942,0.1801,"ENSG00000253457",0,"LGFQVQKIY","WT_chr8_3064536",12851.2061,12958.2979,28444.5117,2264.6128,35035.6445,10946.542,1,"LSFQVQKIY",3.029,0.911556,0,0,212.2328,2.3017,2264.6128,77,0.227668694880317,2.96402582088655,0.357,0.109
"170","FLSKEIELR","chr9:122853986",29535.3242,99.3678,40602.918,38257.5859,27852.1797,24077.4707,0.1666,0.7204,0.1368,0.1549,0.0952,0.1166,"ENSG00000056586",30.3907421325743,"LLSKEIELR","WT_chr9_1228539",28511.0684,376.1489,40951.8867,36143.0078,35379.2461,32675.0137,1,"FLSKEIELR",1.546,0.657838,0,2,99.3678,0.7204,376.1489,73,0.197312868896275,1.89156707049946,0.654,0.739
"171","GIVVDRPTW","chr9:128826062",2185.5115,36030.9492,25629.9395,358.157,38407.2969,31598.2539,0.2579,0.1208,0.2029,0.6469,0.1021,0.0994,"ENSG00000198917",3.2814224519203,"GIVVDRPTR","WT_chr9_1288260",35930.5195,1556.6924,44341.6094,40563.8164,40278.6836,38180.2422,1,"GIVVDRPTW",1.054,0.635574,0,2,358.157,0.6469,40563.8164,67,1,7.7194369945697,0.301,0.3
"172","RTDVVNVDL","chr9:136011741",3606.512,30963.3418,38265.4336,5458.1294,8645.7305,11762.8066,0.1809,0.1356,0.4081,0.4854,0.1238,0.1312,"ENSG00000148411",1.39909742285918,"RTDAVNVDL","WT_chr9_1360117",2201.1047,29488.0664,36337.1094,4635.9253,7664.0786,9903.8037,1,"RTDVVNVDL",1.049,0.97433,3.15461302448876e-09,1,3606.512,0.1809,2201.1047,72,0.153087570695386,5.49330750145192,0.05,0.046
"173","QLAPGPTPW","chr9:137457496",242.9314,21323.1309,8177.064,1377.0348,21710.0469,19799.6836,0.5586,0.1973,0.4284,0.8832,0.1298,0.1682,"ENSG00000165802",13.8509726028072,"QLAPGPTPR","WT_chr9_1374574",26342.3574,115.1638,38587.2461,39841.7656,29472.1152,28437.7441,1,"QLAPGPTPW",0.778,0.978805,0.5,2,242.9314,0.5586,26342.3574,74,0.528516613115023,7.7194369945697,0.464,0.486
"174","KLQLALLKV","chr9:20764957",835.4908,39184.6875,32351.7305,21973.0684,22792.25,23631.7461,0.2442,0.1288,0.1916,0.2148,0.1853,0.1,"ENSG00000188352",15.7302056879843,"KLRLALLKV","WT_chr9_2076495",911.288,38791.0938,36943.2383,17235.0547,26496.4316,18323.5293,1,"KLQLALLKV",0.563,0.960928,0,0,835.4908,0.2442,911.288,68,0.187322343888869,1.66771760795037,1.43,3.485
"175","KMPRYCLFR","chr9:35808807",9616.168,810.5062,33615.6328,29933.6035,16958.3359,12564.2666,0.4167,0.2786,0.1164,0.1984,0.0977,0.1017,"ENSG00000159899",69.4309547850737,"KMPRYCLFG","WT_chr9_3580880",10704.0967,34924.7461,31602.6973,16977.2441,27549.4688,28477.4766,1,"KMPRYCLFR",1.724,0.342518,0.000112319266852865,0,810.5062,0.2786,34924.7461,83,0.328854781493792,7.91602678967751,1.477,3.32
"176","RLFHRGEDK","chr9:69516669",13670.0547,5661.25,37304.3477,34030.2656,28765.7754,24449.4727,0.2065,0.157,0.1241,0.1919,0.0972,0.1119,"ENSG00000107282",1.05558014579563,"RLFHRGEDE","WT_chr9_6951666",29432.5898,34935.7148,42356.5625,38249.7188,38608.1289,38068.8633,1,"RLFHRGEDK",0.91,0.508413,5.61627875079912e-05,0,5661.25,0.157,34935.7148,81,0.279216323909823,1.12361189004339,8.086,4.451
"177","AAAASANGR","chrX:101656606",29719.6309,36.8733,34998.9023,27414.4688,33583.6484,29890.2402,0.1969,0.8999,0.1251,0.1643,0.0923,0.1044,"ENSG00000184867",5.01790272148765,"AAAASANGG","WT_chrX_1016566",36573.7617,35953.0742,27672.2441,14528.0312,42083.8477,41657.5586,1,"AAAASANGR",1.852,0.234298,0,0,36.8733,0.8999,35953.0742,63,0.17451020244364,7.91602678967751,0.087,0.047
"178","ERNNILKQM","chrX:152914747",39560.4062,36469.0469,25803.5664,39530.0312,32477.2812,919.9961,0.1217,0.1512,0.3472,0.1122,0.0936,0.0991,"ENSG00000147394",53.4842629358189,"ERNNVLKQM","WT_chrX_1529147",40018.9062,36982.4531,25774.5449,39500.5234,32560.3281,989.498,1,"ERNNILKQM",0.046,0.941486,0,1,919.9961,0.0991,989.498,87,0.223252707264104,1.21264427550749,0.272,0.191
"179","STIATFAAV","chrX:154532991",152.5325,390.7849,16952.6484,3335.3538,15643.8242,5065.0454,0.3135,0.5931,0.3885,0.3814,0.3922,0.2193,"ENSG00000160211",12.6726537427845,"STTATFAAV","WT_chrX_1545329",1116.6357,1990.0764,25036.5352,5681.498,19181.0156,9004.2275,1,"STIATFAAV",0.385,0.762905,0.992561354108923,1,152.5325,0.3135,1116.6357,67,0.198193729918133,6.01111827130057,0.698,1.991
"180","HGAPRVHYR","chrX:154532993",25736.3574,25.4409,39153.3164,27395.1875,22834.4609,7302.1519,0.2214,1.6099,0.1278,0.1535,0.1094,0.1194,"ENSG00000160211",12.6726537427845,"HGAPRVHHR","WT_chrX_1545329",32601.9316,119.0586,40798.4414,30752.6758,29991.3027,16348.6514,1,"HGAPRVHYR",0.999,0.900009,0,2,25.4409,1.6099,119.0586,84,0.198193729918133,3.56191255686949,0.021,0.08
"181","QVSNIMHSI","chrX:154953908",187.1691,4337.7173,27245.6191,4621.3521,27571.5254,7585.9512,0.3836,0.3844,0.3156,0.4455,0.2263,0.1299,"ENSG00000185010",2.31285090952036,"QASNIMHSI","WT_chrX_1549539",1251.2111,8860.8984,22780.4219,1504.9054,25663.5156,6845.4619,1,"QVSNIMHSI",0.577,0.925081,0,1,187.1691,0.3836,1251.2111,79,0.332965466262464,3.55340312961697,0.071,0.237
"182","SMFLTLGHL","chrX:72139733",947.3509,23332.207,23222.6504,15379.1572,21666.6309,11075.2041,0.2367,0.1413,0.2018,0.1974,0.1584,0.1374,"ENSG00000204131",7.28849167032892,"SMSLTLGHL","WT_chrX_7213973",5466.9966,31075.1074,26641.6133,16329.0205,18628.375,15943.7178,1,"SMFLTLGHL",1.288,0.959795,0,2,947.3509,0.2367,5466.9966,71,0.396387459836267,9.81087562665335,0.402,0.942
"183","TTKAPPPDM","chrY:14840648",21318.7461,22643.0469,40106.9102,11697.0693,31219.6953,13226.4414,0.1231,0.2665,0.1815,0.2068,0.1365,0.1435,"ENSG00000165246",45.0913840563931,"TTKVPPPDM","WT_chrY_1484064",24811.9043,25669.0605,41342.3359,12670.0625,32397.6211,14628.8174,1,"TTKAPPPDM",0.27,0.677516,0.5,0,11697.0693,0.2068,12670.0625,84,0.198288567377269,5.49330750145192,3.77,3.54
